DIC file number,Sample type,notes,DIC file name,Date index,Corresponding Vindta,Reference,File date,timestamp (UTC),Integrated current raw [uAs],Negative slope corrected current [uAs],Difference negative removal,Integration time,Volume (mL),Raw DIC (umol/L),Negative removed DIC (umol/L),Daily reference DIC (umol/L)
0.0,Junk,,co2data.txt,1.0,,1.0,18/09/2025,07:56:22,4324097.3,4327119.9,3022.6,480.0,25.0,1792.6444,1793.8975,1794.65395
1.0,Junk,,co2data (1).txt,2.0,,1.0,18/09/2025,08:10:20,4326476.1,4329690.8,3214.7,480.0,25.0,1793.6306,1794.9633,1794.65395
2.0,Junk,,co2data (2).txt,3.0,,1.0,18/09/2025,08:22:30,4325865.4,4329006.8,3141.4,480.0,25.0,1793.3774,1794.6798,1794.65395
3.0,Junk,,co2data (3).txt,4.0,,1.0,18/09/2025,08:35:16,4328395.9,4331547.3,3151.4,481.0,25.0,1794.4265,1795.733,1794.65395
4.0,Junk,,co2data (4).txt,5.0,,1.0,18/09/2025,08:48:00,4330083.2,4333216.1,3132.9,480.0,25.0,1795.126,1796.4248,1794.65395
5.0,Junk,,co2data (5).txt,6.0,,1.0,18/09/2025,08:59:42,4321325.0,4324498.1,3173.1,480.0,25.0,1791.4951,1792.8106,1794.65395
6.0,Junk,,co2data (6).txt,7.0,,1.0,18/09/2025,09:12:50,4321280.1,4324502.5,3222.4,480.0,25.0,1791.4765,1792.8124,1794.65395
7.0,Junk,,co2data (7).txt,8.0,,1.0,18/09/2025,09:24:58,4327541.8,4330582.3,3040.5,481.0,25.0,1794.0724,1795.3329,1794.65395
8.0,Junk,,co2data (8).txt,9.0,,1.0,18/09/2025,09:41:16,4327643.2,4330501.0,2857.8,480.0,25.0,1794.1144,1795.2992,1794.65395
9.0,Junk,,co2data (9).txt,10.0,,1.0,18/09/2025,09:58:26,4320171.2,4323080.8,2909.6,480.0,25.0,1791.0168,1792.223,1794.65395
10.0,Junk,,co2data (10).txt,11.0,,1.0,18/09/2025,10:12:18,4331977.9,4334644.4,2666.5,480.0,25.0,1795.9115,1797.0169,1794.65395
11.0,Junk,,co2data (11).txt,12.0,,0.0,18/09/2025,11:29:18,5480240.4,5482899.3,2658.9,480.0,25.0,2271.9476,2273.0499,1794.65395
12.0,Junk,,co2data (12).txt,13.0,,0.0,18/09/2025,12:59:22,993383.6,995947.0,2563.4,480.0,25.0,411.8278,412.8905,1794.65395
13.0,Junk,,co2data (13).txt,1.0,,1.0,30/09/2025,09:01:40,5590117.5,5593129.4,3011.9,480.0,25.0,2317.4994,2318.7481,2318.7481
14.0,Junk,,co2data (14).txt,2.0,3.0,0.0,30/09/2025,09:30:06,4056255.2,4059090.8,2835.6,480.0,25.0,1681.6049,1682.7805,2318.7481
15.0,Junk,,co2data (15).txt,3.0,4.0,0.0,30/09/2025,09:57:08,4589511.5,4592241.6,2730.1,480.0,25.0,1902.6774,1903.8092,2318.7481
16.0,Junk,,co2data (16).txt,4.0,5.0,0.0,30/09/2025,11:18:54,5129930.9,5132540.4,2609.5,480.0,25.0,2126.7195,2127.8013,2318.7481
17.0,Junk,,co2data (17).txt,5.0,6.0,0.0,30/09/2025,11:58:54,4347129.1,4349641.6,2512.5,480.0,25.0,1802.1927,1803.2343,2318.7481
18.0,Junk,,co2data (18).txt,6.0,7.0,0.0,30/09/2025,12:26:56,4140068.8,4142547.2,2478.4,480.0,25.0,1716.3516,1717.3791,2318.7481
19.0,Junk,,co2data (19).txt,7.0,,0.0,30/09/2025,12:41:58,5545217.4,5547789.0,2571.6,480.0,25.0,2298.8851,2299.9512,2318.7481
20.0,Junk,,co2data (20).txt,8.0,,0.0,30/09/2025,12:58:20,5544776.9,5547339.1,2562.2,480.0,25.0,2298.7025,2299.7647,2318.7481
21.0,Junk,,co2data (21).txt,9.0,8.0,0.0,30/09/2025,13:39:20,3850424.2,3852802.9,2378.7,480.0,25.0,1596.2734,1597.2595,2318.7481
22.0,Junk,,co2data (22).txt,1.0,,1.0,01/10/2025,08:20:42,5540809.7,5541070.0,260.3,480.0,25.0,2297.0578,2297.1657,2291.38005
23.0,Junk,,co2data (23).txt,2.0,,1.0,01/10/2025,08:47:06,5510867.1,5513158.4,2291.3,480.0,25.0,2284.6445,2285.5944,2291.38005
24.0,Junk,,co2data (24).txt,3.0,1.0,0.0,01/10/2025,09:01:36,3996936.5,3999241.5,2305.0,480.0,25.0,1657.0131,1657.9687,2291.38005
25.0,Junk,,co2data (25).txt,4.0,2.0,0.0,01/10/2025,09:24:02,4640377.9,4642657.8,2279.9,480.0,25.0,1923.7651,1924.7103,2291.38005
26.0,Junk,,co2data (26).txt,5.0,3.0,0.0,01/10/2025,09:45:00,5097601.1,5099843.5,2242.4,481.0,25.0,2113.3165,2114.2461,2291.38005
27.0,Junk,,co2data (27).txt,6.0,4.0,0.0,01/10/2025,10:00:56,4970468.2,4972743.8,2275.6,480.0,25.0,2060.6109,2061.5543,2291.38005
28.0,Junk,,co2data (28).txt,7.0,5.0,0.0,01/10/2025,10:50:16,5091844.0,5094071.4,2227.4,480.0,25.0,2110.9298,2111.8532,2291.38005
29.0,Junk,,co2data (29).txt,8.0,7.0,0.0,01/10/2025,11:35:36,4686458.3,4688584.5,2126.2,480.0,25.0,1942.8687,1943.7502,2291.38005
30.0,Junk,,co2data (30).txt,9.0,8.0,0.0,01/10/2025,11:56:08,4664614.6,4666797.8,2183.2,480.0,25.0,1933.8129,1934.718,2291.38005
31.0,Junk,,co2data (31).txt,10.0,9.0,0.0,01/10/2025,12:22:00,4653102.1,4655219.6,2117.5,480.0,25.0,1929.0402,1929.9181,2291.38005
32.0,Junk,,co2data (32).txt,11.0,10.0,0.0,01/10/2025,12:41:48,4331237.0,4333351.2,2114.2,480.0,25.0,1795.6043,1796.4808,2291.38005
33.0,Junk,,co2data (33).txt,12.0,11.0,0.0,01/10/2025,13:01:30,4366788.8,4368894.9,2106.1,480.0,25.0,1810.3431,1811.2162,2291.38005
34.0,Junk,,co2data (34).txt,13.0,12.0,0.0,01/10/2025,13:22:08,4070656.6,4072784.1,2127.5,480.0,25.0,1687.5753,1688.4573,2291.38005
35.0,Junk,,co2data (35).txt,14.0,13.0,0.0,01/10/2025,13:46:14,4101739.2,4103895.3,2156.1,480.0,25.0,1700.4612,1701.3551,2291.38005
36.0,Junk,,co2data (36).txt,1.0,,0.0,03/10/2025,08:31:14,4560172.7,4561512.3,1339.6,480.0,20.833333,2268.6173,2269.2837,2313.26693
37.0,Junk,,co2data (37).txt,2.0,1.0,0.0,03/10/2025,08:51:46,3238983.0,3241076.8,2093.8,480.0,20.833333,1611.3453,1612.3869,2313.26693
38.0,Junk,,co2data (38).txt,3.0,,0.0,03/10/2025,09:04:24,4584297.5,4586273.7,1976.2,480.0,20.833333,2280.619,2281.6021,2313.26693
39.0,Junk,,co2data (39).txt,4.0,,1.0,03/10/2025,09:16:30,4661398.9,4663531.8,2132.9,480.0,20.833333,2318.9758,2320.0369,2313.26693
40.0,Junk,,co2data (40).txt,5.0,,1.0,03/10/2025,09:26:58,4657158.5,4659143.8,1985.3,480.0,20.833333,2316.8663,2317.8539,2313.26693
41.0,Junk,,co2data (41).txt,6.0,,1.0,03/10/2025,09:41:16,4651612.2,4653658.9,2046.7,480.0,20.833333,2314.1071,2315.1253,2313.26693
42.0,Junk,,co2data (42).txt,7.0,2.0,0.0,03/10/2025,09:53:58,3156939.1,3158897.2,1958.1,481.0,20.833333,1570.5297,1571.5038,2313.26693
43.0,Junk,,co2data (43).txt,8.0,,0.0,03/10/2025,11:00:18,4574325.2,4576241.0,1915.8,480.0,20.833333,2275.658,2276.611,2313.26693
44.0,Junk,,co2data (44).txt,9.0,,0.0,03/10/2025,11:11:50,4661855.3,4663628.7,1773.4,480.0,20.833333,2319.2029,2320.0851,2313.26693
45.0,Junk,,co2data (45).txt,10.0,,0.0,03/10/2025,11:22:42,4646081.0,4647824.4,1743.4,481.0,20.833333,2311.3554,2312.2227,2313.26693
46.0,Junk,,co2data (46).txt,11.0,4.0,0.0,03/10/2025,11:37:02,3070776.2,3072373.7,1597.5,480.0,20.833333,1527.6649,1528.4597,2313.26693
47.0,Junk,,co2data (47).txt,12.0,,0.0,03/10/2025,11:50:20,5564437.5,5565981.4,1543.9,480.0,25.0,2306.8532,2307.4933,2313.26693
48.0,Junk,,co2data (48).txt,13.0,,1.0,03/10/2025,12:03:14,5574313.5,5576002.6,1689.1,480.0,25.0,2310.9475,2311.6478,2313.26693
49.0,Junk,,co2data (49).txt,14.0,,1.0,03/10/2025,12:17:30,4639512.1,4641218.4,1706.3,480.0,20.833333,2308.0875,2308.9363,2313.26693
50.0,Junk,,co2data (50).txt,15.0,,1.0,03/10/2025,12:30:22,4641272.7,4642793.5,1520.8,480.0,20.833333,2308.9633,2309.7199,2313.26693
51.0,Junk,,co2data (51).txt,16.0,5.0,0.0,03/10/2025,12:42:00,3152471.5,3153937.9,1466.4,480.0,20.833333,1568.3071,1569.0366,2313.26693
52.0,Junk,,co2data (52).txt,17.0,,1.0,03/10/2025,12:55:30,5569172.4,5570938.6,1766.2,480.0,25.0,2308.8162,2309.5484,2313.26693
53.0,Junk,,co2data (53).txt,18.0,6.0,0.0,03/10/2025,13:13:44,3840232.6,3841768.7,1536.1,480.0,20.833333,1910.4579,1911.2221,2313.26693
54.0,Junk,,co2data (54).txt,19.0,8.0,0.0,03/10/2025,13:58:04,3857048.4,3858717.9,1669.5,480.0,20.833333,1918.8235,1919.6541,2313.26693
55.0,Junk,,co2data (55).txt,20.0,9.0,0.0,03/10/2025,14:10:54,4672998.6,4674421.3,1422.7,480.0,25.0,1937.2887,1937.8785,2313.26693
56.0,Junk,,co2data (56).txt,1.0,,1.0,06/10/2025,09:46:40,5519066.7,5519354.5,287.8,480.0,25.0,2288.0438,2288.1631,2283.7086
57.0,Junk,,co2data (57).txt,2.0,,1.0,06/10/2025,10:00:28,5502175.4,5503353.7,1178.3,481.0,25.0,2281.0412,2281.5297,2283.7086
58.0,Junk,,co2data (58).txt,3.0,,1.0,06/10/2025,10:42:36,5501235.8,5503120.6,1884.8,480.0,25.0,2280.6517,2281.433,2283.7086
59.0,Junk,,co2data (59).txt,4.0,1.0,0.0,06/10/2025,11:03:08,1275538.0,1277237.9,1699.9,480.0,25.0,528.8008,529.5055,2283.7086
60.0,Junk,,co2data (60).txt,5.0,,0.0,06/10/2025,11:20:24,5483511.0,5485355.9,1844.9,480.0,25.0,2273.3035,2274.0683,2283.7086
61.0,Junk,,co2data (61).txt,6.0,2.0,0.0,06/10/2025,11:43:22,2314223.6,2315723.4,1499.8,480.0,25.0,959.4095,960.0313,2283.7086
62.0,Junk,,co2data (62).txt,7.0,3.0,0.0,06/10/2025,12:16:26,3157884.7,3159568.6,1683.9,480.0,25.0,1309.1667,1309.8648,2283.7086
63.0,Junk,,co2data (63).txt,8.0,4.0,0.0,06/10/2025,12:49:12,3621963.7,3623511.8,1548.1,480.0,25.0,1501.5603,1502.2021,2283.7086
64.0,Junk,,co2data (64).txt,9.0,5.0,0.0,06/10/2025,13:04:40,3927732.2,3929198.5,1466.3,480.0,25.0,1628.323,1628.9309,2283.7086
65.0,Junk,,co2data (65).txt,10.0,6.0,0.0,06/10/2025,13:33:16,4058139.5,4059690.6,1551.1,480.0,25.0,1682.3861,1683.0291,2283.7086
66.0,Junk,,co2data (66).txt,11.0,7.0,0.0,06/10/2025,13:50:40,4155293.3,4156949.7,1656.4,480.0,25.0,1722.6632,1723.3499,2283.7086
67.0,Junk,,co2data (67).txt,12.0,8.0,0.0,06/10/2025,14:10:04,3984585.4,3986077.3,1491.9,480.0,25.0,1651.8927,1652.5112,2283.7086
68.0,Junk,,co2data (68).txt,13.0,,0.0,06/10/2025,14:23:42,5480154.9,5481669.5,1514.6,480.0,25.0,2271.9121,2272.54,2283.7086
69.0,Junk,,co2data (69).txt,1.0,,1.0,08/10/2025,07:49:06,5475450.6,5476877.0,1426.4,480.0,25.0,2269.9619,2270.5532,2267.9422
70.0,Junk,,co2data (70).txt,2.0,,1.0,08/10/2025,08:05:56,5463162.3,5465074.5,1912.2,480.0,25.0,2264.8675,2265.6602,2267.9422
71.0,Junk,,co2data (71).txt,3.0,,1.0,08/10/2025,08:21:16,5466912.8,5469785.2,2872.4,720.0,25.0,2266.4223,2267.6132,2267.9422
72.0,Junk,,co2data (72).txt,4.0,1.0,0.0,08/10/2025,08:39:00,3004620.8,3007382.5,2761.7,720.0,25.0,1245.628,1246.7729,2267.9422
73.0,Junk,,co2data (73).txt,5.0,,0.0,08/10/2025,08:59:34,5442420.4,5445580.5,3160.1,720.0,25.0,2256.2685,2257.5786,2267.9422
74.0,Junk,,co2data (74).txt,6.0,2.0,0.0,08/10/2025,09:21:06,2228846.1,2231409.5,2563.4,720.0,25.0,924.0145,925.0772,2267.9422
75.0,Junk,,co2data (75).txt,7.0,3.0,0.0,08/10/2025,09:45:34,3460451.1,3463352.6,2901.5,720.0,25.0,1434.6019,1435.8048,2267.9422
76.0,Junk,,co2data (76).txt,8.0,,0.0,08/10/2025,10:32:56,5453109.9,5457557.5,4447.6,1201.0,25.0,2260.7001,2262.5439,2267.9422
77.0,Junk,,co2data (77).txt,9.0,4.0,0.0,08/10/2025,10:50:16,1155615.3,1158153.9,2538.6,720.0,25.0,479.0843,480.1368,2267.9422
78.0,Junk,,co2data (78).txt,10.0,,0.0,08/10/2025,13:11:14,5435808.8,5439855.7,4046.9,1200.0,25.0,2253.5275,2255.2053,2267.9422
79.0,Junk,,co2data (79).txt,11.0,5.0,0.0,08/10/2025,13:29:04,121037.6,121836.5,798.9,720.0,25.0,50.1787,50.5099,2267.9422
80.0,Junk,,co2data (80).txt,12.0,6.0,0.0,08/10/2025,13:58:36,4009660.2,4011203.1,1542.9,720.0,25.0,1662.288,1662.9276,2267.9422
81.0,Junk,,co2data (81).txt,13.0,7.0,0.0,08/10/2025,14:25:32,2527810.8,2528666.2,855.4,480.0,25.0,1047.9565,1048.3111,2267.9422
82.0,Junk,,co2data (82).txt,1.0,1.0,0.0,09/10/2025,07:43:46,3981386.8,3981704.6,317.8,480.0,25.0,1650.5667,1650.6984,2274.33462
83.0,Junk,,co2data (83).txt,2.0,,1.0,09/10/2025,07:58:38,5501543.5,5503339.0,1795.5,480.0,25.0,2280.7792,2281.5236,2274.33462
84.0,Junk,,co2data (84).txt,3.0,,1.0,09/10/2025,08:11:20,5501394.7,5503079.1,1684.4,480.0,25.0,2280.7175,2281.4158,2274.33462
85.0,Junk,,co2data (85).txt,4.0,2.0,0.0,09/10/2025,08:26:18,2251001.8,2252952.0,1950.2,480.0,25.0,933.1996,934.0081,2274.33462
86.0,Junk,,co2data (86).txt,5.0,,1.0,09/10/2025,08:41:18,5481159.1,5483318.3,2159.2,481.0,25.0,2272.3284,2273.2236,2274.33462
87.0,Junk,,co2data (87).txt,6.0,4.0,0.0,09/10/2025,09:00:22,4867317.9,4869432.0,2114.1,480.0,25.0,2017.8478,2018.7243,2274.33462
88.0,Junk,,co2data (88).txt,7.0,5.0,0.0,09/10/2025,09:12:44,4607708.6,4609675.7,1967.1,481.0,25.0,1910.2214,1911.0369,2274.33462
89.0,Junk,,co2data (89).txt,8.0,6.0,0.0,09/10/2025,09:27:36,4211007.0,4212944.4,1937.4,480.0,25.0,1745.7605,1746.5637,2274.33462
90.0,Junk,,co2data (90).txt,9.0,,0.0,09/10/2025,09:39:48,5495053.8,5496967.1,1913.3,480.0,25.0,2278.0888,2278.882,2274.33462
91.0,Junk,,co2data (91).txt,10.0,7.0,0.0,09/10/2025,09:51:44,3135391.7,3137252.6,1860.9,480.0,25.0,1299.8418,1300.6133,2274.33462
92.0,Junk,,co2data (92).txt,11.0,,1.0,09/10/2025,10:42:02,5482217.7,5484325.8,2108.1,480.0,25.0,2272.7673,2273.6413,2274.33462
93.0,Junk,,co2data (93).txt,12.0,8.0,0.0,09/10/2025,11:00:38,908894.9,910529.0,1634.1,480.0,25.0,376.8013,377.4787,2274.33462
94.0,Junk,,co2data (94).txt,13.0,9.0,0.0,09/10/2025,11:22:08,3587807.0,3589803.9,1996.9,480.0,25.0,1487.4,1488.2278,2274.33462
95.0,Junk,,co2data (95).txt,14.0,10.0,0.0,09/10/2025,11:39:16,3828834.9,3830711.9,1877.0,480.0,25.0,1587.3231,1588.1012,2274.33462
96.0,Junk,,co2data (96).txt,15.0,11.0,0.0,09/10/2025,12:17:30,2404548.2,2406378.7,1830.5,480.0,25.0,996.8554,997.6143,2274.33462
97.0,Junk,,co2data (97).txt,16.0,,1.0,09/10/2025,12:33:06,5478381.3,5480330.2,1948.9,480.0,25.0,2271.1768,2271.9848,2274.33462
98.0,Junk,,co2data (98).txt,17.0,,1.0,09/10/2025,12:46:48,5480680.1,5482700.9,2020.8,480.0,25.0,2272.1299,2272.9676,2274.33462
99.0,Junk,,co2data (99).txt,18.0,12.0,0.0,09/10/2025,13:30:40,1578632.1,1580488.7,1856.6,480.0,25.0,654.4548,655.2244,2274.33462
100.0,Junk,,co2data (100).txt,19.0,13.0,0.0,09/10/2025,13:47:46,1855554.5,1857556.0,2001.5,480.0,25.0,769.2587,770.0885,2274.33462
101.0,Junk,,co2data 09-10 (1).txt,20.0,14.0,0.0,09/10/2025,14:02:40,4206392.7,4208569.4,2176.7,480.0,25.0,1743.8475,1744.7499,2274.33462
102.0,Junk,,co2data 09-10 (2).txt,21.0,15.0,0.0,09/10/2025,14:18:20,4849744.4,4851973.4,2229.0,480.0,25.0,2010.5623,2011.4864,2274.33462
103.0,Junk,,co2data 09-10 (3).txt,22.0,,1.0,09/10/2025,14:30:54,5470302.4,5472472.7,2170.3,480.0,25.0,2267.8276,2268.7273,2274.33462
104.0,Junk,,co2data 09-10 (4).txt,23.0,,1.0,09/10/2025,14:43:40,5476289.6,5478420.2,2130.6,480.0,25.0,2270.3097,2271.193,2274.33462
105.0,Junk,,co2data 13-10 (1).txt,1.0,,1.0,13/10/2025,09:02:40,5577708.5,5578479.5,771.0,480.0,25.0,2312.355,2312.6746,2294.86783
106.0,Junk,,co2data 13-10 (2).txt,2.0,,1.0,13/10/2025,09:15:50,5557215.6,5558037.8,822.2,480.0,25.0,2303.8592,2304.2001,2294.86783
107.0,Junk,,co2data 13-10 (3).txt,3.0,1.0,0.0,13/10/2025,09:36:32,4092785.3,4094507.2,1721.9,480.0,25.0,1696.7492,1697.4631,2294.86783
108.0,Junk,,co2data 13-10 (4).txt,4.0,2.0,0.0,13/10/2025,09:52:28,5142995.8,5144765.6,1769.8,480.0,25.0,2132.1358,2132.8695,2294.86783
109.0,Junk,,co2data 13-10 (5).txt,5.0,,1.0,13/10/2025,11:02:10,5524994.3,5526895.1,1900.8,481.0,25.0,2290.5012,2291.2892,2294.86783
110.0,Junk,,co2data 13-10 (6).txt,6.0,3.0,0.0,13/10/2025,11:19:04,3027312.1,3028865.2,1553.1,480.0,25.0,1255.0352,1255.679,2294.86783
111.0,Junk,,co2data 13-10 (7).txt,7.0,4.0,0.0,13/10/2025,11:33:00,4747660.0,4749235.5,1575.5,480.0,25.0,1968.2411,1968.8943,2294.86783
112.0,Junk,,co2data 13-10 (8).txt,8.0,5.0,0.0,13/10/2025,11:45:42,5130733.9,5132527.1,1793.2,480.0,25.0,2127.0524,2127.7958,2294.86783
113.0,Junk,,co2data 13-10 (9).txt,9.0,6.0,0.0,13/10/2025,12:02:20,4806858.4,4808488.6,1630.2,480.0,25.0,1992.7831,1993.4589,2294.86783
114.0,Junk,,co2data 13-10 (10).txt,10.0,7.0,0.0,13/10/2025,12:25:48,4573908.2,4575803.3,1895.1,480.0,25.0,1896.2087,1896.9944,2294.86783
115.0,Junk,,co2data 13-10 (11).txt,11.0,8.0,0.0,13/10/2025,12:50:22,4568943.6,4570664.3,1720.7,480.0,25.0,1894.1505,1894.8639,2294.86783
116.0,Junk,,co2data 13-10 (12).txt,12.0,,1.0,13/10/2025,13:13:00,5476890.6,5478696.3,1805.7,480.0,25.0,2270.5588,2271.3074,2294.86783
117.0,Junk,,co2data 14-10 (1).txt,1.0,,1.0,14/10/2025,08:52:42,5481996.9,5482125.8,128.9,480.0,25.0,2272.6758,2272.7292,2263.36368
118.0,Junk,,co2data 14-10 (2).txt,2.0,,1.0,14/10/2025,09:26:20,5470350.2,5471150.4,800.2,480.0,25.0,2267.8474,2268.1791,2263.36368
119.0,Junk,,co2data 14-10 (3).txt,3.0,,1.0,14/10/2025,09:53:56,5447399.3,5449112.6,1713.3,480.0,25.0,2258.3326,2259.0429,2263.36368
120.0,Junk,,co2data 14-10 (4).txt,4.0,,1.0,14/10/2025,10:27:24,5447079.9,5448619.8,1539.9,480.0,25.0,2258.2002,2258.8386,2263.36368
121.0,Junk,,co2data 14-10 (5).txt,5.0,,1.0,14/10/2025,10:41:28,5445087.6,5446666.0,1578.4,480.0,25.0,2257.3742,2258.0286,2263.36368
122.0,Junk,,co2data 14-10 (6).txt,6.0,,0.0,14/10/2025,10:54:12,5441417.5,5442942.5,1525.0,480.0,25.0,2255.8527,2256.485,2263.36368
123.0,Junk,,co2data 14-10 (7).txt,7.0,,0.0,14/10/2025,11:08:10,5583450.2,5584991.9,1541.7,480.0,25.0,2314.7353,2315.3745,2263.36368
124.0,Junk,,co2data 14-10 (8).txt,8.0,,0.0,14/10/2025,11:24:18,5619776.9,5621494.5,1717.6,480.0,25.0,2329.7953,2330.5074,2263.36368
125.0,Junk,,co2data 14-10 (9).txt,9.0,,0.0,14/10/2025,11:38:52,5613848.8,5615422.8,1574.0,481.0,25.0,2327.3377,2327.9902,2263.36368
126.0,Crm,CRM #219,co2data 14-10 (10).txt,10.0,,1.0,14/10/2025,12:02:32,4988021.5,4989585.6,1564.1,480.0,25.0,2067.888,2068.5364,2068.5364
127.0,Junk,,co2data 14-10 (11).txt,11.0,,0.0,14/10/2025,14:14:48,5413663.8,5415123.9,1460.1,481.0,25.0,2244.3469,2244.9522,2263.36368
128.0,Junk,,co2data 15-10 (1).txt,1.0,,1.0,15/10/2025,08:33:38,5493856.4,5495321.6,1465.2,480.0,25.0,2277.5924,2278.1998,2272.4258
129.0,Junk,,co2data 15-10 (2).txt,2.0,1.0,0.0,15/10/2025,08:55:16,4078515.1,4080391.8,1876.7,480.0,25.0,1690.8332,1691.6112,2272.4258
130.0,Junk,,co2data 15-10 (3).txt,3.0,2.0,0.0,15/10/2025,09:12:00,5074431.8,5076105.5,1673.7,480.0,25.0,2103.7112,2104.405,2272.4258
131.0,Junk,,co2data 15-10 (4).txt,4.0,3.0,0.0,15/10/2025,09:25:48,4961793.3,4963747.9,1954.6,480.0,25.0,2057.0146,2057.8249,2272.4258
132.0,Junk,,co2data 15-10 (5).txt,5.0,4.0,0.0,15/10/2025,09:40:04,5005921.9,5007694.5,1772.6,480.0,25.0,2075.309,2076.0438,2272.4258
133.0,Junk,,co2data 15-10 (6).txt,6.0,5.0,0.0,15/10/2025,09:56:48,4809406.1,4811181.0,1774.9,481.0,25.0,1993.8393,1994.5751,2272.4258
134.0,Junk,,co2data 15-10 (7).txt,7.0,,1.0,15/10/2025,11:17:04,5482725.2,5484454.2,1729.0,480.0,25.0,2272.9777,2273.6945,2272.4258
135.0,Junk,,co2data 15-10 (8).txt,8.0,6.0,0.0,15/10/2025,11:31:14,2947384.4,2949119.9,1735.5,480.0,25.0,1221.8995,1222.619,2272.4258
136.0,Junk,,co2data 15-10 (9).txt,9.0,,1.0,15/10/2025,11:46:38,5469525.4,5471316.2,1790.8,480.0,25.0,2267.5054,2268.2479,2272.4258
137.0,Junk,,co2data 15-10 (10).txt,10.0,7.0,0.0,15/10/2025,12:01:42,4073766.7,4075620.9,1854.2,480.0,25.0,1688.8647,1689.6334,2272.4258
138.0,Junk,,co2data 15-10 (11).txt,11.0,,1.0,15/10/2025,12:54:26,5472688.7,5474483.7,1795.0,480.0,25.0,2268.8169,2269.561,2272.4258
139.0,Junk,,co2data 15-10 (12).txt,12.0,8.0,0.0,15/10/2025,13:51:02,3298428.1,3300247.0,1818.9,480.0,25.0,1367.4319,1368.186,2272.4258
140.0,Junk,,co2data 15-10 (13).txt,13.0,9.0,0.0,15/10/2025,14:05:38,3382387.7,3384197.8,1810.1,480.0,25.0,1402.2391,1402.9895,2272.4258
141.0,Junk,,co2data 15-10 (14).txt,14.0,10.0,0.0,15/10/2025,14:25:18,4529474.4,4531445.2,1970.8,480.0,25.0,1877.7878,1878.6048,2272.4258
142.0,Junk,,co2data 16-10 (1).txt,1.0,,1.0,16/10/2025,07:51:40,5475034.8,5475965.4,930.6,480.0,25.0,2269.7895,2270.1753,2271.12
143.0,Junk,,co2data 16-10 (2).txt,2.0,,1.0,16/10/2025,08:06:24,5476517.6,5478243.3,1725.7,480.0,25.0,2270.4042,2271.1196,2271.12
144.0,Junk,,co2data 16-10 (3).txt,3.0,,1.0,16/10/2025,08:20:12,5478673.0,5480523.9,1850.9,480.0,25.0,2271.2978,2272.0651,2271.12
145.0,Junk,,co2data 16-10 (4).txt,4.0,2.0,0.0,16/10/2025,08:44:16,5306804.2,5308589.4,1785.2,480.0,25.0,2200.046,2200.7861,2271.12
146.0,Junk,,co2data 16-10 (5).txt,5.0,3.0,0.0,16/10/2025,09:00:50,5103847.7,5105779.7,1932.0,480.0,25.0,2115.9062,2116.7071,2271.12
147.0,Junk,,co2data 16-10 (6).txt,6.0,4.0,0.0,16/10/2025,09:15:08,5152412.0,5154390.4,1978.4,480.0,25.0,2136.0395,2136.8597,2271.12
148.0,Junk,,co2data 16-10 (7).txt,7.0,5.0,0.0,16/10/2025,09:36:02,5006530.9,5008356.8,1825.9,480.0,25.0,2075.5615,2076.3184,2271.12
149.0,Junk,,co2data 16-10 (8).txt,8.0,,0.0,16/10/2025,10:45:14,5479466.8,5481579.5,2112.7,480.0,25.0,2271.6269,2272.5027,2271.12
150.0,Junk,,co2data 16-10 (9).txt,9.0,6.0,0.0,16/10/2025,11:01:00,4296430.7,4298523.1,2092.4,480.0,25.0,1781.1747,1782.0421,2271.12
151.0,Junk,,co2data 16-10 (10).txt,10.0,7.0,0.0,16/10/2025,11:36:26,4779922.8,4781912.1,1989.3,480.0,25.0,1981.6164,1982.4411,2271.12
152.0,Junk,,co2data 16-10 (11).txt,11.0,,0.0,16/10/2025,11:58:46,5466159.7,5468096.6,1936.9,480.0,25.0,2266.1101,2266.9131,2271.12
153.0,Junk,,co2data 16-10 (12).txt,12.0,8.0,0.0,16/10/2025,12:11:48,4637660.9,4639911.7,2250.8,480.0,25.0,1922.6387,1923.5718,2271.12
154.0,Junk,,co2data 16-10 (13).txt,13.0,9.0,0.0,16/10/2025,12:28:46,5255169.6,5257172.9,2003.3,480.0,25.0,2178.6398,2179.4703,2271.12
155.0,Junk,,co2data 16-10 (14).txt,14.0,10.0,0.0,16/10/2025,12:48:24,5222890.4,5224770.4,1880.0,480.0,25.0,2165.2578,2166.0372,2271.12
156.0,Junk,,co2data 16-10 (15).txt,15.0,11.0,0.0,16/10/2025,13:01:24,5263266.1,5265367.8,2101.7,481.0,25.0,2181.9964,2182.8677,2271.12
157.0,Junk,,co2data 16-10 (16).txt,16.0,12.0,0.0,16/10/2025,14:05:22,5192469.6,5194486.2,2016.6,480.0,25.0,2152.6462,2153.4822,2271.12
158.0,Junk,,co2data 16-10 (17).txt,17.0,13.0,0.0,16/10/2025,14:18:16,4407881.9,4409870.0,1988.1,480.0,25.0,1827.3791,1828.2033,2271.12
159.0,Junk,,co2data 16-10 (18).txt,18.0,14.0,0.0,16/10/2025,14:31:36,5274380.9,5276430.2,2049.3,480.0,25.0,2186.6042,2187.4538,2271.12
160.0,Junk,,co2data 16-10 (19).txt,19.0,,0.0,16/10/2025,14:47:02,5426929.4,5429008.7,2079.3,481.0,25.0,2249.8464,2250.7084,2271.12
161.0,Junk,,co2data 17-10 (1).txt,1.0,,1.0,17/10/2025,07:39:04,5514231.6,5514646.0,414.4,480.0,25.0,2286.0393,2286.2111,2285.25777
162.0,Junk,,co2data 17-10 (2).txt,2.0,,1.0,17/10/2025,08:16:38,5505118.8,5506994.1,1875.3,480.0,25.0,2282.2614,2283.0389,2285.25777
163.0,Junk,,co2data 17-10 (3).txt,3.0,,1.0,17/10/2025,08:39:32,5513424.0,5515399.1,1975.1,480.0,25.0,2285.7045,2286.5233,2285.25777
164.0,Nose,,co2data 17-10 (4).txt,4.0,,1.0,17/10/2025,09:00:56,5612948.6,5615006.3,2057.7,480.0,25.0,2326.9645,2327.8176,2325.04534
165.0,Nose,,co2data 17-10 (5).txt,5.0,1.0,0.0,17/10/2025,09:13:50,4138389.5,4140371.5,1982.0,481.0,25.0,1715.6554,1716.4771,2325.04534
166.0,Nose,,co2data 17-10 (6).txt,6.0,2.0,0.0,17/10/2025,09:46:40,4127633.9,4129383.3,1749.4,480.0,25.0,1711.1964,1711.9217,2325.04534
167.0,Nose,,co2data 17-10 (7).txt,7.0,,0.0,17/10/2025,10:57:58,5565033.9,5567081.4,2047.5,480.0,25.0,2307.1005,2307.9493,2325.04534
168.0,Nose,,co2data 17-10 (8).txt,8.0,,1.0,17/10/2025,11:11:10,5607179.7,5609048.7,1869.0,480.0,25.0,2324.5729,2325.3477,2325.04534
169.0,Nose,,co2data 17-10 (9).txt,9.0,,1.0,17/10/2025,11:25:16,5611597.0,5613777.9,2180.9,480.0,25.0,2326.4042,2327.3083,2325.04534
170.0,Nose,,co2data 17-10 (10).txt,10.0,4.0,0.0,17/10/2025,11:44:26,4231527.1,4233390.2,1863.1,480.0,25.0,1754.2675,1755.0399,2325.04534
171.0,Nose,,co2data 17-10 (11).txt,11.0,,0.0,17/10/2025,12:01:30,5596369.2,5598282.9,1913.7,480.0,25.0,2320.0912,2320.8845,2325.04534
172.0,Nose,,co2data 17-10 (12).txt,12.0,,1.0,17/10/2025,12:19:56,5603402.0,5605409.9,2007.9,480.0,25.0,2323.0068,2323.8392,2325.04534
173.0,Nose,,co2data 17-10 (13).txt,13.0,,1.0,17/10/2025,12:59:38,5596250.6,5598353.8,2103.2,480.0,25.0,2320.042,2320.9139,2325.04534
174.0,Nose,,co2data 21-10 (1).txt,1.0,,0.0,21/10/2025,14:02:10,5733202.9,5734729.8,1526.9,480.0,25.0,2376.8184,2377.4514,2298.4282
175.0,Nose,,co2data 21-10 (2).txt,2.0,,0.0,21/10/2025,14:17:26,5749710.2,5751389.8,1679.6,480.0,25.0,2383.6619,2384.3582,2298.4282
176.0,Nose,,co2data 21-10 (3).txt,3.0,,1.0,21/10/2025,14:31:28,5542537.7,5544115.2,1577.5,480.0,25.0,2297.7742,2298.4282,2298.4282
177.0,Nose,,co2data 22-10 (1).txt,1.0,,1.0,22/10/2025,07:45:12,5552479.9,5553038.9,559.0,480.0,25.0,2301.896,2302.1277,2307.93134
178.0,Nose,,co2data 22-10 (2).txt,2.0,,1.0,22/10/2025,07:59:50,5540832.4,5542452.3,1619.9,480.0,25.0,2297.0672,2297.7388,2307.93134
179.0,Nose,,co2data 22-10 (3).txt,3.0,1.0,0.0,22/10/2025,08:19:26,4111180.6,4112811.9,1631.3,480.0,25.0,1704.3754,1705.0517,2307.93134
180.0,Nose,,co2data 22-10 (4).txt,4.0,2.0,0.0,22/10/2025,08:33:10,4823181.4,4824896.9,1715.5,481.0,25.0,1999.5501,2000.2613,2307.93134
181.0,Nose,,co2data 22-10 (5).txt,5.0,3.0,0.0,22/10/2025,08:47:42,4859555.0,4861611.0,2056.0,481.0,25.0,2014.6295,2015.4819,2307.93134
182.0,Nose,,co2data 22-10 (6).txt,6.0,4.0,0.0,22/10/2025,09:03:48,4729582.7,4731526.7,1944.0,480.0,25.0,1960.7468,1961.5527,2307.93134
183.0,Nose,,co2data 22-10 (7).txt,7.0,5.0,0.0,22/10/2025,09:22:04,4751762.9,4753789.3,2026.4,481.0,25.0,1969.9421,1970.7822,2307.93134
184.0,Nose,,co2data 22-10 (8).txt,8.0,,1.0,22/10/2025,09:37:52,5589524.9,5591167.3,1642.4,480.0,25.0,2317.2537,2317.9346,2307.93134
185.0,Nose,,co2data 22-10 (9).txt,9.0,6.0,0.0,22/10/2025,09:52:14,4648495.4,4650332.8,1837.4,480.0,25.0,1927.1304,1927.8921,2307.93134
186.0,Nose,,co2data 22-10 (10).txt,10.0,7.0,0.0,22/10/2025,10:34:46,4627644.1,4629484.9,1840.8,480.0,25.0,1918.4861,1919.2492,2307.93134
187.0,Nose,,co2data 22-10 (11).txt,11.0,8.0,0.0,22/10/2025,10:53:22,2274106.3,2276061.0,1954.7,480.0,25.0,942.778,943.5884,2307.93134
188.0,Nose,,co2data 22-10 (12).txt,12.0,,1.0,22/10/2025,11:07:34,5563863.7,5565555.6,1691.9,480.0,25.0,2306.6153,2307.3168,2307.93134
189.0,Nose,,co2data 22-10 (13).txt,13.0,,1.0,22/10/2025,11:28:22,5577747.5,5579572.8,1825.3,480.0,25.0,2312.3712,2313.1279,2307.93134
190.0,Nose,,co2data 22-10 (14).txt,14.0,9.0,0.0,22/10/2025,11:44:08,2240170.7,2242164.6,1993.9,480.0,25.0,928.7093,929.5359,2307.93134
191.0,Nose,,co2data 22-10 (15).txt,15.0,10.0,0.0,22/10/2025,12:03:52,4231532.2,4233351.8,1819.6,480.0,25.0,1754.2696,1755.024,2307.93134
192.0,Nose,,co2data 22-10 (16).txt,16.0,,1.0,22/10/2025,12:16:28,5569998.9,5571889.6,1890.7,480.0,25.0,2309.1588,2309.9427,2307.93134
193.0,Nose,,co2data 22-10 (17).txt,17.0,12.0,0.0,22/10/2025,12:54:20,3696613.8,3698581.3,1967.5,481.0,25.0,1532.5081,1533.3238,2307.93134
194.0,Nose,,co2data 22-10 (18).txt,18.0,,1.0,22/10/2025,14:07:42,5563728.4,5565589.8,1861.4,480.0,25.0,2306.5593,2307.3309,2307.93134
195.0,Nose,,co2data 22-10 (19).txt,19.0,13.0,0.0,22/10/2025,14:27:56,926214.4,927762.8,1548.4,481.0,25.0,383.9814,384.6234,2307.93134
196.0,Nose,,co2data 22-10 (20).txt,20.0,14.0,0.0,22/10/2025,14:49:42,4199393.0,4201379.9,1986.9,480.0,25.0,1740.9457,1741.7694,2307.93134
197.0,Nose,,co2data 23-10 (1).txt,1.0,,,23/10/2025,07:28:44,5440394.5,5440827.3,432.8,480.0,25.0,2255.4286,2255.6081,2291.5635
198.0,Nose,,co2data 23-10 (2).txt,2.0,1.0,,23/10/2025,07:49:16,4074873.5,4076536.9,1663.4,480.0,25.0,1689.3235,1690.0131,2291.5635
199.0,Nose,,co2data 23-10 (3).txt,3.0,2.0,,23/10/2025,08:03:46,4151607.4,4153355.3,1747.9,480.0,25.0,1721.1351,1721.8598,2291.5635
200.0,Nose,,co2data 23-10 (4).txt,4.0,3.0,,23/10/2025,08:32:04,4415273.5,4416878.6,1605.1,480.0,25.0,1830.4434,1831.1088,2291.5635
201.0,Nose,,co2data 23-10 (5).txt,5.0,4.0,,23/10/2025,08:43:28,4542049.0,4543716.1,1667.1,480.0,25.0,1883.0008,1883.692,2291.5635
202.0,Nose,,co2data 23-10 (6).txt,6.0,5.0,,23/10/2025,09:03:42,4728582.4,4730393.2,1810.8,480.0,25.0,1960.3321,1961.0828,2291.5635
203.0,Nose,,co2data 23-10 (7).txt,7.0,6.0,,23/10/2025,09:20:16,4892216.8,4893981.2,1764.4,480.0,25.0,2028.1702,2028.9016,2291.5635
204.0,Nose,,co2data 23-10 (8).txt,8.0,7.0,,23/10/2025,09:34:56,5030260.9,5032109.9,1849.0,480.0,25.0,2085.3992,2086.1658,2291.5635
205.0,Nose,,co2data 23-10 (9).txt,9.0,8.0,,23/10/2025,09:51:02,5100295.9,5102108.5,1812.6,480.0,25.0,2114.4337,2115.1851,2291.5635
206.0,Nose,,co2data 23-10 (10).txt,10.0,9.0,,23/10/2025,10:08:12,5133674.7,5135379.8,1705.1,480.0,25.0,2128.2716,2128.9784,2291.5635
207.0,Nose,,co2data 23-10 (11).txt,11.0,10.0,,23/10/2025,10:22:00,5187770.7,5189623.7,1853.0,480.0,25.0,2150.6982,2151.4664,2291.5635
208.0,Nose,,co2data 23-10 (12).txt,12.0,11.0,,23/10/2025,10:35:26,5363939.4,5365780.3,1840.9,480.0,25.0,2223.7326,2224.4958,2291.5635
209.0,Nose,,co2data 23-10 (13).txt,13.0,12.0,,23/10/2025,10:51:54,5498593.4,5500316.8,1723.4,480.0,25.0,2279.5562,2280.2707,2291.5635
210.0,Nose,,co2data 23-10 (14).txt,14.0,,1.0,23/10/2025,11:03:18,5559225.2,5561209.4,1984.2,480.0,25.0,2304.6924,2305.515,2291.5635
211.0,Nose,,co2data 23-10 (15).txt,15.0,13.0,,23/10/2025,11:16:04,5471265.9,5473006.7,1740.8,480.0,25.0,2268.227,2268.9487,2291.5635
212.0,Nose,,co2data 23-10 (16).txt,16.0,,1.0,23/10/2025,12:47:52,5506084.3,5507714.0,1629.7,480.0,25.0,2282.6617,2283.3373,2291.5635
213.0,Nose,,co2data 23-10 (17).txt,17.0,14.0,,23/10/2025,13:02:18,5164659.7,5166482.5,1822.8,481.0,25.0,2141.117,2141.8727,2291.5635
214.0,Nose,,co2data 23-10 (18).txt,18.0,15.0,,23/10/2025,13:16:10,5488457.2,5490284.8,1827.6,480.0,25.0,2275.354,2276.1117,2291.5635
215.0,Nose,,co2data 23-10 (19).txt,19.0,16.0,1.0,23/10/2025,13:28:00,5512229.1,5513746.4,1517.3,480.0,25.0,2285.2092,2285.8382,2291.5635
216.0,Nose,,co2data 24-10 (1).txt,1.0,,1.0,24/10/2025,09:31:30,5549531.5,5549980.8,449.3,480.0,25.0,2300.6736,2300.8599,2298.9816
217.0,Nose,,co2data 24-10 (2).txt,2.0,,1.0,24/10/2025,09:43:54,5541940.0,5543334.3,1394.3,480.0,25.0,2297.5264,2298.1045,2298.9816
218.0,Nose,,co2data 24-10 (3).txt,3.0,,,24/10/2025,10:05:26,5496406.6,5498257.6,1851.0,480.0,25.0,2278.6496,2279.417,2298.9816
219.0,Nose,,co2data 24-10 (4).txt,4.0,,,24/10/2025,11:11:12,5483687.1,5485589.2,1902.1,480.0,25.0,2273.3765,2274.165,2298.9816
220.0,Nose,,co2data 24-10 (5).txt,5.0,,1.0,24/10/2025,11:26:30,5541107.3,5543035.1,1927.8,480.0,25.0,2297.1812,2297.9804,2298.9816
221.0,Nose,,co2data 24-10 (6).txt,6.0,,,24/10/2025,11:39:08,5535237.9,5537196.4,1958.5,480.0,25.0,2294.7479,2295.5599,2298.9816
222.0,Nose,0.15 mL long experiment,co2data 24-10 (7).txt,7.0,,,24/10/2025,11:51:20,5728657.4,5730562.0,1904.6,480.0,25.0,2374.934,2375.7236,2298.9816
223.0,Nose,0.3 mL,co2data 24-10 (8).txt,8.0,,,24/10/2025,12:01:50,5318522.9,5320276.4,1753.5,481.0,25.0,2204.9042,2205.6312,2298.9816
224.0,Nose,0.45 mL,co2data 24-10 (9).txt,9.0,,,24/10/2025,12:12:58,4959518.5,4961304.9,1786.4,480.0,25.0,2056.0715,2056.8121,2298.9816
225.0,Nose,0.6 mL,co2data 24-10 (10).txt,10.0,,,24/10/2025,12:24:12,4556685.0,4558418.8,1733.8,480.0,25.0,1889.0685,1889.7873,2298.9816
226.0,Nose,0.75 mL,co2data 24-10 (11).txt,11.0,,,24/10/2025,12:37:00,4163536.5,4165381.4,1844.9,481.0,25.0,1726.0806,1726.8454,2298.9816
227.0,Nose,,co2data 27-10 (1).txt,1.0,,1.0,27/10/2025,07:58:24,5514086.1,5514265.1,179.0,480.0,25.0,2285.979,2286.0532,2288.21053
228.0,Nose,,co2data 27-10 (2).txt,2.0,,1.0,27/10/2025,08:14:28,5522162.9,5523726.8,1563.9,480.0,25.0,2289.3274,2289.9758,2288.21053
229.0,Nose,,co2data 27-10 (3).txt,3.0,1.0,,27/10/2025,08:25:40,4138291.9,4140072.2,1780.3,480.0,25.0,1715.6149,1716.353,2288.21053
230.0,Nose,,co2data 27-10 (4).txt,4.0,,,27/10/2025,08:55:32,5503136.0,5504728.5,1592.5,480.0,25.0,2281.4394,2282.0996,2288.21053
231.0,Nose,,co2data 27-10 (5).txt,5.0,2.0,,27/10/2025,09:10:24,4268852.2,4270308.3,1456.1,480.0,25.0,1769.7414,1770.3451,2288.21053
232.0,Nose,,co2data 27-10 (6).txt,6.0,3.0,,27/10/2025,09:25:28,4417522.4,4419144.3,1621.9,480.0,25.0,1831.3757,1832.0481,2288.21053
233.0,Nose,,co2data 27-10 (7).txt,7.0,4.0,,27/10/2025,09:42:02,4471591.1,4473061.0,1469.9,480.0,25.0,1853.791,1854.4004,2288.21053
234.0,Nose,,co2data 27-10 (8).txt,8.0,5.0,,27/10/2025,10:01:56,4567419.7,4569030.1,1610.4,480.0,25.0,1893.5188,1894.1864,2288.21053
235.0,Nose,,co2data 27-10 (9).txt,9.0,6.0,,27/10/2025,10:15:02,4714233.8,4715665.1,1431.3,480.0,25.0,1954.3836,1954.977,2288.21053
236.0,Nose,,co2data 27-10 (10).txt,10.0,7.0,,27/10/2025,10:30:20,4916912.4,4918421.7,1509.3,480.0,25.0,2038.4082,2039.034,2288.21053
237.0,Nose,,co2data 27-10 (11).txt,11.0,8.0,,27/10/2025,10:47:02,5091759.3,5093207.9,1448.6,480.0,25.0,2110.8947,2111.4952,2288.21053
238.0,Nose,,co2data 27-10 (12).txt,12.0,9.0,,27/10/2025,11:01:28,5217414.5,5218844.0,1429.5,480.0,25.0,2162.9876,2163.5803,2288.21053
239.0,Nose,,co2data 27-10 (13).txt,13.0,10.0,,27/10/2025,11:48:52,5337131.6,5338450.7,1319.1,480.0,25.0,2212.6188,2213.1657,2288.21053
240.0,Nose,,co2data 27-10 (14).txt,14.0,,,27/10/2025,12:24:04,5499801.3,5501061.0,1259.7,480.0,25.0,2280.0569,2280.5792,2288.21053
241.0,Nose,,co2data 27-10 (15).txt,15.0,,1.0,27/10/2025,12:35:22,5518981.2,5520414.5,1433.3,480.0,25.0,2288.0084,2288.6026,2288.21053
242.0,Nose,,co2data 27-10 (16).txt,16.0,11.0,,27/10/2025,12:47:42,5463436.0,5464925.7,1489.7,480.0,25.0,2264.981,2265.5985,2288.21053
243.0,Nose,,co2data 27-10 (17).txt,17.0,12.0,,27/10/2025,13:30:32,4142129.1,4143625.5,1496.4,480.0,25.0,1717.2057,1717.8261,2288.21053
244.0,Nose,,co2data 27-10 (18).txt,18.0,,,27/10/2025,13:52:24,5500181.8,5501754.4,1572.6,480.0,25.0,2280.2147,2280.8666,2288.21053
245.0,Nose,,co2data 28-10 (1).txt,1.0,,,28/10/2025,08:00:02,5416161.2,5416362.8,201.6,480.0,25.0,2245.3822,2245.4658,2288.48195
246.0,Nose,,co2data 28-10 (2).txt,2.0,,1.0,28/10/2025,08:12:30,5505293.9,5506647.9,1354.0,480.0,25.0,2282.334,2282.8954,2288.48195
247.0,Nose,,co2data 28-10 (3).txt,3.0,,1.0,28/10/2025,08:39:02,5532029.7,5533599.1,1569.4,481.0,25.0,2293.4179,2294.0685,2288.48195
248.0,Nose,,co2data 28-10 (4).txt,4.0,2.0,,28/10/2025,08:52:14,4052731.9,4054415.2,1683.3,480.0,25.0,1680.1443,1680.8421,2288.48195
249.0,Nose,,co2data 28-10 (5).txt,5.0,,,28/10/2025,10:31:54,5509078.4,5510594.9,1516.5,480.0,25.0,2283.903,2284.5317,2288.48195
250.0,Nose,,co2data 28-10 (6).txt,6.0,3.0,,28/10/2025,10:50:40,4029141.9,4030914.8,1772.9,480.0,25.0,1670.3645,1671.0995,2288.48195
251.0,Nose,,co2data 28-10 (7).txt,7.0,4.0,,28/10/2025,11:59:56,4172767.5,4174500.0,1732.5,481.0,25.0,1729.9075,1730.6257,2288.48195
252.0,Nose,,co2data 28-10 (8).txt,8.0,,,28/10/2025,12:12:44,5449084.5,5450649.3,1564.8,480.0,25.0,2259.0312,2259.68,2288.48195
253.0,Nose,,co2data 28-10 (9).txt,9.0,5.0,,28/10/2025,12:29:52,4318309.2,4319777.1,1467.9,480.0,25.0,1790.2448,1790.8534,2288.48195
254.0,Nose,,co2data 28-10 (10).txt,10.0,6.0,,28/10/2025,12:50:44,4508245.6,4509919.9,1674.3,480.0,25.0,1868.9869,1869.681,2288.48195
255.0,Nose,,co2data 28-10 (11).txt,11.0,7.0,,28/10/2025,13:08:42,4690194.9,4691934.3,1739.4,480.0,25.0,1944.4178,1945.1389,2288.48195
256.0,Nose,,co2data 28-10 (12).txt,12.0,8.0,,28/10/2025,13:26:32,4827394.1,4828951.4,1557.3,480.0,25.0,2001.2966,2001.9422,2288.48195
257.0,Nose,,co2data 28-10 (13).txt,13.0,9.0,,28/10/2025,13:40:32,4958935.9,4960516.1,1580.2,480.0,25.0,2055.83,2056.4851,2288.48195
258.0,Nose,,co2data 28-10 (14).txt,14.0,10.0,,28/10/2025,13:58:10,5068210.8,5069764.1,1553.3,480.0,25.0,2101.1321,2101.7761,2288.48195
259.0,Nose,,co2data 28-10 (15).txt,15.0,11.0,,28/10/2025,14:29:48,5218990.8,5220623.4,1632.6,480.0,25.0,2163.6411,2164.3179,2288.48195
260.0,Junk_old,,co2data 29-10 (1).txt,1.0,,1.0,29/10/2025,10:17:36,5487352.1,5488704.3,1352.2,480.0,25.0,2274.8959,2275.4565,2277.91893
261.0,Junk_old,,co2data 29-10 (2).txt,2.0,,1.0,29/10/2025,10:30:56,5499821.8,5501281.7,1459.9,480.0,25.0,2280.0654,2280.6707,2277.91893
262.0,Junk_old,,co2data 29-10 (3).txt,3.0,3.0,,29/10/2025,10:50:04,4018361.9,4019731.5,1369.6,480.0,25.0,1665.8955,1666.4632,2277.91893
263.0,Junk_old,,co2data 29-10 (4).txt,4.0,4.0,,29/10/2025,12:02:02,4056023.5,4057462.3,1438.8,481.0,25.0,1681.5089,1682.1053,2277.91893
264.0,Junk_old,,co2data 29-10 (5).txt,5.0,5.0,,29/10/2025,12:13:14,1052007.3,1053367.5,1360.2,480.0,25.0,436.1315,436.6954,2277.91893
265.0,Junk_old,,co2data 29-10 (6).txt,6.0,,1.0,29/10/2025,12:25:00,5492569.8,5493946.1,1376.3,480.0,25.0,2277.059,2277.6296,2277.91893
266.0,Junk_old,,co2data 29-10 (7).txt,7.0,6.0,,29/10/2025,12:44:14,2969300.3,2970711.3,1411.0,481.0,25.0,1230.9852,1231.5701,2277.91893
267.0,Nose,,co2data 29-10 (8).txt,8.0,,,29/10/2025,12:57:06,5374454.1,5375738.1,1284.0,480.0,25.0,2228.0917,2228.624,2275.0762
268.0,Nose,,co2data 29-10 (9).txt,9.0,7.0,,29/10/2025,13:13:34,4071777.3,4073095.4,1318.1,480.0,25.0,1688.0399,1688.5864,2275.0762
269.0,Nose,,co2data 29-10 (10).txt,10.0,8.0,,29/10/2025,13:28:36,5268149.4,5269346.3,1196.9,481.0,25.0,2184.0208,2184.517,2275.0762
270.0,Nose,,co2data 29-10 (11).txt,11.0,9.0,,29/10/2025,13:44:30,5433307.2,5434527.9,1220.7,481.0,25.0,2252.4904,2252.9965,2275.0762
271.0,Nose,,co2data 29-10 (12).txt,12.0,,1.0,29/10/2025,13:55:52,5486557.4,5487787.0,1229.6,480.0,25.0,2274.5664,2275.0762,2275.0762
272.0,Nose,,co2data 29-10 (13).txt,13.0,,,29/10/2025,14:10:18,5273599.7,5274771.9,1172.2,480.0,25.0,2186.2804,2186.7663,2275.0762
273.0,Nuts,,co2data 29-10 (14).txt,14.0,10.0,,29/10/2025,14:20:54,3764816.5,3766209.0,1392.5,481.0,25.0,1560.7829,1561.3602,2136.5814
274.0,Nuts,,co2data 29-10 (15).txt,15.0,,1.0,29/10/2025,14:34:30,5152547.8,5153719.2,1171.4,480.0,25.0,2136.0958,2136.5814,2136.5814
275.0,Nose,,co2data 29-10 (16).txt,16.0,,,29/10/2025,14:46:48,5082501.1,5083632.8,1131.7,480.0,25.0,2107.0565,2107.5256,2275.0762
276.0,Nose,,co2data 29-10 (17).txt,17.0,,,29/10/2025,14:59:12,4829743.6,4830909.6,1166.0,480.0,25.0,2002.2706,2002.754,2275.0762
277.0,Nuts,,co2data 29-10 (18).txt,18.0,12.0,,29/10/2025,15:11:04,3809332.3,3810656.3,1324.0,480.0,25.0,1579.2379,1579.7868,2136.5814
278.0,Nose,,co2data 29-10 (19).txt,19.0,,,29/10/2025,15:24:34,4537822.8,4538930.1,1107.3,480.0,25.0,1881.2488,1881.7078,2275.0762
279.0,Nose,,co2data 29-10 (20).txt,20.0,,,29/10/2025,15:53:14,4280562.1,4281551.3,989.2,480.0,25.0,1774.596,1775.0061,2275.0762
280.0,Junk_old,,co2data 30-10 (1).txt,1.0,,1.0,30/10/2025,08:58:28,5493151.5,5493307.2,155.7,480.0,25.0,2277.3001,2277.3647,2277.01187
281.0,Junk_old,,co2data 30-10 (2).txt,2.0,,1.0,30/10/2025,09:11:48,5491719.4,5492709.1,989.7,480.0,25.0,2276.7064,2277.1167,2277.01187
282.0,Junk_old,,co2data 30-10 (3).txt,3.0,2.0,,30/10/2025,09:27:58,4040256.7,4041847.9,1591.2,480.0,25.0,1674.9724,1675.6321,2277.01187
283.0,Junk_old,,co2data 30-10 (4).txt,4.0,,1.0,30/10/2025,09:39:04,5501090.8,5502582.0,1491.2,481.0,25.0,2280.5915,2281.2097,2277.01187
284.0,Junk_old,,co2data 30-10 (5).txt,5.0,3.0,,30/10/2025,09:54:00,4055421.2,4056753.4,1332.2,480.0,25.0,1681.2592,1681.8114,2277.01187
285.0,Junk_old,,co2data 30-10 (6).txt,6.0,4.0,,30/10/2025,10:09:40,4701485.3,4702997.4,1512.1,480.0,25.0,1949.0985,1949.7253,2277.01187
286.0,Junk_old,,co2data 30-10 (7).txt,7.0,5.0,,30/10/2025,10:27:26,4264713.2,4266154.0,1440.8,481.0,25.0,1768.0255,1768.6228,2277.01187
287.0,Junk_old,,co2data 30-10 (8).txt,8.0,6.0,,30/10/2025,10:43:24,4466996.6,4468408.5,1411.9,480.0,25.0,1851.8863,1852.4716,2277.01187
288.0,Junk_old,,co2data 30-10 (9).txt,9.0,7.0,,30/10/2025,10:57:22,4673529.6,4675028.0,1498.4,480.0,25.0,1937.5088,1938.13,2277.01187
289.0,Junk_old,,co2data 30-10 (10).txt,10.0,8.0,,30/10/2025,11:11:02,4865038.1,4866497.2,1459.1,480.0,25.0,2016.9027,2017.5076,2277.01187
290.0,Junk_old,,co2data 30-10 (11).txt,11.0,9.0,,30/10/2025,12:01:16,5454611.9,5455981.3,1369.4,480.0,25.0,2261.3227,2261.8905,2277.01187
291.0,Junk_old,,co2data 30-10 (12).txt,12.0,,1.0,30/10/2025,12:14:46,5496603.2,5497735.7,1132.5,480.0,25.0,2278.7311,2279.2006,2277.01187
292.0,Junk_old,,co2data 30-10 (13).txt,13.0,10.0,,30/10/2025,12:30:20,4974755.1,4976041.0,1285.9,481.0,25.0,2062.3881,2062.9212,2277.01187
293.0,Junk_old,,co2data 30-10 (14).txt,14.0,11.0,,30/10/2025,12:47:48,5146702.3,5147938.7,1236.4,480.0,25.0,2133.6724,2134.185,2277.01187
294.0,Junk_old,,co2data 30-10 (15).txt,15.0,12.0,,30/10/2025,13:03:30,5145597.1,5146762.6,1165.5,480.0,25.0,2133.2142,2133.6974,2277.01187
295.0,Junk_old,,co2data 30-10 (16).txt,16.0,13.0,,30/10/2025,13:21:50,4099137.9,4100419.8,1281.9,480.0,25.0,1699.3828,1699.9143,2277.01187
296.0,Junk_old,,co2data 30-10 (17).txt,17.0,14.0,,30/10/2025,13:36:50,5001192.0,5002239.8,1047.8,480.0,25.0,2073.3481,2073.7825,2277.01187
297.0,Junk_old,,co2data 30-10 (18).txt,18.0,15.0,,30/10/2025,13:49:24,5214418.4,5215555.4,1137.0,480.0,25.0,2161.7455,2162.2169,2277.01187
298.0,Junk_old,,co2data 30-10 (19).txt,19.0,16.0,,30/10/2025,14:02:34,5250755.2,5251978.1,1222.9,480.0,25.0,2176.8097,2177.3167,2277.01187
299.0,Junk_old,,co2data 30-10 (20).txt,20.0,17.0,,30/10/2025,14:22:12,5287374.5,5288473.5,1099.0,480.0,25.0,2191.991,2192.4466,2277.01187
300.0,Junk_old,,co2data 30-10 (21).txt,21.0,,1.0,30/10/2025,14:33:16,5489295.0,5490413.0,1118.0,480.0,25.0,2275.7013,2276.1648,2277.01187
301.0,Junk_old,,co2data 30-10 (22).txt,22.0,18.0,,30/10/2025,14:48:10,5329123.5,5330178.0,1054.5,480.0,25.0,2209.2989,2209.7361,2277.01187
302.0,Junk_old,,co2data 30-10 (23).txt,23.0,19.0,,30/10/2025,15:01:30,5362706.0,5363811.8,1105.8,480.0,25.0,2223.2212,2223.6797,2277.01187
303.0,Junk_old,,co2data 30-10 (24).txt,24.0,20.0,,30/10/2025,15:15:22,5394449.6,5395523.8,1074.2,480.0,25.0,2236.3812,2236.8265,2277.01187
304.0,Junk_old,,co2data 30-10 (25).txt,25.0,21.0,,30/10/2025,15:31:10,5423717.9,5424712.5,994.6,480.0,25.0,2248.515,2248.9273,2277.01187
305.0,Junk_old,,co2data 30-10 (26).txt,26.0,22.0,,30/10/2025,15:43:12,5441176.1,5442286.5,1110.4,480.0,25.0,2255.7527,2256.213,2277.01187
306.0,Junk_old,,co2data 30-10 (27).txt,27.0,,1.0,30/10/2025,16:03:10,5476990.3,5477990.2,999.9,480.0,25.0,2270.6002,2271.0147,2277.01187
307.0,Junk_old,,co2data 30-10 (28).txt,28.0,23.0,,30/10/2025,16:24:50,4160891.6,4161929.7,1038.1,480.0,25.0,1724.9841,1725.4145,2277.01187
,,,,,,,,,,,,,25.0,,,
