titration_index,Titrant Mass,sample type,file_not_good,date,bottle nr,acid_added_mL,waiting time (minutes),Titration duration (seconds),Titrant Molinity,acid_increment_mL,reference_DIC,calculated_DIC,Alkalinity,slope,intercept,r_squared,plateau_C_percent,spread_C_percent,Predicted 0 acid DIC from PYCO2SYS
27,"[0.         0.00015339 0.00030677 0.00046016 0.00061355 0.00076694
 0.00092032 0.00107371 0.0012271  0.00138049 0.00153387 0.00168726
 0.00184065 0.00199404 0.00214742 0.00230081 0.0024542  0.00260759
 0.00276097 0.00291436 0.00306775 0.00322114 0.00337452 0.00352791
 0.0036813  0.00383468 0.00398807 0.00414146]",Junk,,2025-09-30,3,4.2,0.0,,0.10064399,0.15,2271.737374448106,1650.48145767414,2360.915712571036,-41314.6816825046,100.41044840454968,0.9999191434816712,0.6629476043662185,0.000588343803028984,2348.033380777947
34,"[0.         0.00015339 0.00030677 0.00046016 0.00061355 0.00076694
 0.00092032 0.00107371 0.0012271  0.00138049 0.00153387 0.00168726
 0.00184065 0.00199404 0.00214742 0.00230081 0.0024542  0.00260759
 0.00276097 0.00291436 0.00306775 0.00322114 0.00337452 0.00352791
 0.0036813  0.00383468 0.00398807 0.00414146]",Junk,,2025-10-01,1,4.2,0.0,821.0,0.10064399,0.15,2244.924189328618,1626.004195218691,2368.283084553107,-41183.41554247918,100.40347389139274,0.9999214373615021,0.6653338568701274,0.0006010637380834759,2319.8206841389315
44,"[0.         0.00015339 0.00030677 0.00046016 0.00061355 0.00076694
 0.00092032 0.00107371 0.0012271  0.00138049 0.00153387 0.00168726
 0.00184065 0.00199404 0.00214742 0.00230081 0.0024542  0.00260759
 0.00276097 0.00291436 0.00306775 0.00322114 0.00337452 0.00352791
 0.0036813  0.00383468 0.00398807 0.00414146]",Junk,,2025-10-01,12,4.2,0.0,803.0,0.10064399,0.15,2244.924189328618,1655.952963828572,2385.173766769744,-40881.90783204403,100.39878229975396,0.9999220959124513,0.6595177611557985,0.0006315246992211742,2290.417397731154
45,"[0.         0.00015339 0.00030677 0.00046016 0.00061355 0.00076694
 0.00092032 0.00107371 0.0012271  0.00138049 0.00153387 0.00168726
 0.00184065 0.00199404 0.00214742 0.00230081 0.0024542  0.00260759
 0.00276097 0.00291436 0.00306775 0.00322114 0.00337452 0.00352791
 0.0036813  0.00383468 0.00398807 0.00414146]",Junk,,2025-10-01,13,4.2,0.0,,0.10064399,0.15,2244.924189328618,1668.699539523623,2387.22844072503,-40847.17390143327,100.40087429923253,0.999921097598938,0.6561871153898274,0.0006349626641077792,2291.0709534348657
49,"[0.         0.00015339 0.00030677 0.00046016 0.00061355 0.00076694
 0.00092032 0.00107371 0.0012271  0.00138049 0.00153387 0.00168726
 0.00184065 0.00199404 0.00214742 0.00230081 0.0024542  0.00260759
 0.00276097 0.00291436 0.00306775 0.00322114 0.00337452 0.00352791
 0.0036813  0.00383468 0.00398807 0.00414146]",Junk,,2025-10-03,4,4.2,3.0,783.0,0.10064399,0.15,2266.36733069704,1499.166451186826,2349.125781822596,-41514.334769172696,100.41600459488537,0.9999177123682131,0.6644079096161443,0.0005705749604718245,2341.4596554072227
50,"[0.         0.00015339 0.00030677 0.00046016 0.00061355 0.00076694
 0.00092032 0.00107371 0.0012271  0.00138049 0.00153387 0.00168726
 0.00184065 0.00199404 0.00214742 0.00230081 0.0024542  0.00260759
 0.00276097 0.00291436 0.00306775 0.00322114 0.00337452 0.00352791
 0.0036813  0.00383468 0.00398807 0.00414146]",Junk,,2025-10-03,5,4.2,4.0,,0.10064399,0.15,2266.36733069704,1538.965686438605,2349.879662425495,-41514.33453647306,100.41600459007539,0.9999177123691935,0.664407906260225,0.0005705749821370181,2339.8868146916734
54,"[0.         0.00015339 0.00030677 0.00046016 0.00061355 0.00076694
 0.00092032 0.00107371 0.0012271  0.00138049 0.00153387 0.00168726
 0.00184065 0.00199404 0.00214742 0.00230081 0.0024542  0.00260759
 0.00276097 0.00291436 0.00306775 0.00322114 0.00337452 0.00352791
 0.0036813  0.00383468 0.00398807 0.00414146]",Junk,,2025-10-06,1,4.2,40.0,788.0,0.10064399,0.15,2237.408271717209,519.2969954085205,2309.22302011891,-42279.46967168376,100.42580911816576,0.9999169848037573,0.6812946034525459,0.0005132867260872457,2293.4200169861942
55,"[0.         0.00015339 0.00030677 0.00046016 0.00061355 0.00076694
 0.00092032 0.00107371 0.0012271  0.00138049 0.00153387 0.00168726
 0.00184065 0.00199404 0.00214742 0.00230081 0.0024542  0.00260759
 0.00276097 0.00291436 0.00306775 0.00322114 0.00337452 0.00352791
 0.0036813  0.00383468 0.00398807 0.00414146]",Junk,,2025-10-06,2,4.2,20.0,,0.10064399,0.15,2237.408271717209,941.52255186799,2317.802651690191,-42125.342449122014,100.42265289084007,0.9999176088540406,0.6790508675863268,0.000523824560497795,2298.6091396249753
56,"[0.         0.00015339 0.00030677 0.00046016 0.00061355 0.00076694
 0.00092032 0.00107371 0.0012271  0.00138049 0.00153387 0.00168726
 0.00184065 0.00199404 0.00214742 0.00230081 0.0024542  0.00260759
 0.00276097 0.00291436 0.00306775 0.00322114 0.00337452 0.00352791
 0.0036813  0.00383468 0.00398807 0.00414146]",Junk,,2025-10-06,3,4.2,10.0,732.0,0.10064399,0.15,2237.408271717209,1284.798591662676,2316.520115857903,-42128.31851800872,100.43024069449045,0.9999145082707663,0.6718205326789776,0.00052307400653004,2299.749536410071
57,"[0.         0.00015339 0.00030677 0.00046016 0.00061355 0.00076694
 0.00092032 0.00107371 0.0012271  0.00138049 0.00153387 0.00168726
 0.00184065 0.00199404 0.00214742 0.00230081 0.0024542  0.00260759
 0.00276097 0.00291436 0.00306775 0.00322114 0.00337452 0.00352791
 0.0036813  0.00383468 0.00398807 0.00414146]",Junk,,2025-10-06,4,4.2,5.0,735.0,0.10064399,0.15,2237.408271717209,1473.45523177103,2315.492164069635,-42134.78614453461,100.4303758346024,0.9999144808816505,0.6719135524180373,0.0005226229696684191,2298.6008985342455
58,"[0.         0.00015339 0.00030677 0.00046016 0.00061355 0.00076694
 0.00092032 0.00107371 0.0012271  0.00138049 0.00153387 0.00168726
 0.00184065 0.00199404 0.00214742 0.00230081 0.0024542  0.00260759
 0.00276097 0.00291436 0.00306775 0.00322114 0.00337452 0.00352791
 0.0036813  0.00383468 0.00398807 0.00414146]",Junk,,2025-10-06,5,4.2,2.0,,0.10064399,0.15,2237.408271717209,1597.712099691973,2313.9681739422,-42172.00971995578,100.42964846364788,0.9999149461683752,0.6738916350636733,0.000520150658988539,2296.4358244326572
59,"[0.         0.00015339 0.00030677 0.00046016 0.00061355 0.00076694
 0.00092032 0.00107371 0.0012271  0.00138049 0.00153387 0.00168726
 0.00184065 0.00199404 0.00214742 0.00230081 0.0024542  0.00260759
 0.00276097 0.00291436 0.00306775 0.00322114 0.00337452 0.00352791
 0.0036813  0.00383468 0.00398807 0.00414146]",Junk,,2025-10-06,6,4.2,0.5,735.0,0.10064399,0.15,2237.408271717209,1650.773496410248,2312.256927090428,-42200.10031076958,100.43023330330666,0.9999148283086354,0.6742966075014047,0.0005182236745454812,2294.3377014693574
60,"[0.         0.00015339 0.00030677 0.00046016 0.00061355 0.00076694
 0.00092032 0.00107371 0.0012271  0.00138049 0.00153387 0.00168726
 0.00184065 0.00199404 0.00214742 0.00230081 0.0024542  0.00260759
 0.00276097 0.00291436 0.00306775 0.00322114 0.00337452 0.00352791
 0.0036813  0.00383468 0.00398807 0.00414146]",Junk,,2025-10-06,7,4.2,0.0,,0.10064399,0.15,2237.408271717209,1690.321539871919,2315.510244343498,-42160.418798411454,100.4294071900683,0.9999149948095741,0.6737245302242816,0.0005209506749585821,2295.6981137483076
61,"[0.         0.00015339 0.00030677 0.00046016 0.00061355 0.00076694
 0.00092032 0.00107371 0.0012271  0.00138049 0.00153387 0.00168726
 0.00184065 0.00199404 0.00214742 0.00230081 0.0024542  0.00260759
 0.00276097 0.00291436 0.00306775 0.00322114 0.00337452 0.00352791
 0.0036813  0.00383468 0.00398807 0.00414146]",Junk,,2025-10-06,8,4.2,1.0,750.0,0.10064399,0.15,2237.408271717209,1620.840478326307,2313.682559671759,-42179.61643695333,100.4298068179485,0.9999149142497343,0.6740012993256934,0.0005196272115415552,2295.0271055112
62,"[0.         0.00015339 0.00030677 0.00046016 0.00061355 0.00076694
 0.00092032 0.00107371 0.0012271  0.00138049 0.00153387 0.00168726
 0.00184065 0.00199404 0.00214742 0.00230081 0.0024542  0.00260759
 0.00276097 0.00291436 0.00306775 0.00322114 0.00337452 0.00352791
 0.0036813  0.00383468 0.00398807 0.00414146]",Junk,,2025-10-08,1,4.2,10.0,767.0,0.10064399,0.15,2221.961522611302,1222.878237436622,2312.95250439849,-42213.410675884326,100.43051047772995,0.9999147724735286,0.6744884954945578,0.0005173164096235028,2281.7521216187333
63,"[0.         0.00015339 0.00030677 0.00046016 0.00061355 0.00076694
 0.00092032 0.00107371 0.0012271  0.00138049 0.00153387 0.00168726
 0.00184065 0.00199404 0.00214742 0.00230081 0.0024542  0.00260759
 0.00276097 0.00291436 0.00306775 0.00322114 0.00337452 0.00352791
 0.0036813  0.00383468 0.00398807 0.00414146]",Junk,,2025-10-08,2,4.2,20.0,701.0,0.10064399,0.15,2221.961522611302,907.3479025962189,2312.430689864113,-42202.6832726571,100.43028708799513,0.9999148174729028,0.6743338447524426,0.0005180473224596796,2283.009563075618
64,"[0.         0.00015339 0.00030677 0.00046016 0.00061355 0.00076694
 0.00092032 0.00107371 0.0012271  0.00138049 0.00153387 0.00168726
 0.00184065 0.00199404 0.00214742 0.00230081 0.0024542  0.00260759
 0.00276097 0.00291436 0.00306775 0.00322114 0.00337452 0.00352791
 0.0036813  0.00383468 0.00398807 0.00414146]",Junk,,2025-10-08,3,4.2,5.0,704.0,0.10064399,0.15,2221.961522611302,1408.287301662589,2313.025783601845,-42191.46324533249,100.43005346456701,0.9999148645437983,0.6741720907841826,0.0005188143996218625,2281.644247855758
65,"[0.         0.00015339 0.00030677 0.00046016 0.00061355 0.00076694
 0.00092032 0.00107371 0.0012271  0.00138049 0.00153387 0.00168726
 0.00184065 0.00199404 0.00214742 0.00230081 0.0024542  0.00260759
 0.00276097 0.00291436 0.00306775 0.00322114 0.00337452 0.00352791
 0.0036813  0.00383468 0.00398807 0.00414146]",Junk,,2025-10-08,4,4.2,43.0,694.0,0.10064399,0.15,2221.961522611302,470.9486692408437,2313.704136181429,-42186.05381512756,100.43144737188075,0.9999142638293229,0.6726508866782724,0.0005190794634731766,2281.9962438767247
66,"[0.         0.00015339 0.00030677 0.00046016 0.00061355 0.00076694
 0.00092032 0.00107371 0.0012271  0.00138049 0.00153387 0.00168726
 0.00184065 0.00199404 0.00214742 0.00230081 0.0024542  0.00260759
 0.00276097 0.00291436 0.00306775 0.00322114 0.00337452 0.00352791
 0.0036813  0.00383468 0.00398807 0.00414146]",Junk,,2025-10-08,5,4.2,140.0,,0.10064399,0.15,2221.961522611302,49.54331804704012,2318.072976288115,-42114.766078425186,100.42995754657952,0.999914565667641,0.6716256151403533,0.000524022077443169,2284.3400191412547
67,"[0.         0.00015339 0.00030677 0.00046016 0.00061355 0.00076694
 0.00092032 0.00107371 0.0012271  0.00138049 0.00153387 0.00168726
 0.00184065 0.00199404 0.00214742 0.00230081 0.0024542  0.00260759
 0.00276097 0.00291436 0.00306775 0.00322114 0.00337452 0.00352791
 0.0036813  0.00383468 0.00398807 0.00414146]",Junk,,2025-10-08,6,4.2,0.0,,0.10064399,0.15,2221.961522611302,1631.057245848632,2323.819869230621,-41997.23513858603,100.42601336432377,0.9999156801280163,0.6713717819804108,0.000532525906215013,2285.8688460301064
68,"[0.         0.00015339 0.00030677 0.00046016 0.00061355 0.00076694
 0.00092032 0.00107371 0.0012271  0.00138049 0.00153387 0.00168726
 0.00184065 0.00199404 0.00214742 0.00230081 0.0024542  0.00260759
 0.00276097 0.00291436 0.00306775 0.00322114 0.00337452 0.00352791
 0.0036813  0.00383468 0.00398807 0.00414146]",Junk,,2025-10-08,7,4.2,15.5,692.0,0.10064399,0.15,2221.961522611302,1028.250110167363,2314.111718421763,-42185.88150403968,100.43144376952775,0.9999142645586666,0.6726484085420547,0.0005190912740927592,2273.580666908934
69,"[0.         0.00015339 0.00030677 0.00046016 0.00061355 0.00076694
 0.00092032 0.00107371 0.0012271  0.00138049 0.00153387 0.00168726
 0.00184065 0.00199404 0.00214742 0.00230081 0.0024542  0.00260759
 0.00276097 0.00291436 0.00306775 0.00322114 0.00337452 0.00352791
 0.0036813  0.00383468 0.00398807 0.00414146]",Junk,,2025-10-09,1,4.2,0.5,686.0,0.10064399,0.15,2228.224341512229,1618.874061639874,2311.772779227419,-42231.36933009883,100.42482362558356,0.9999171794480703,0.6805944005753519,0.0005165219766815882,2297.5175986622367
70,"[0.         0.00015339 0.00030677 0.00046016 0.00061355 0.00076694
 0.00092032 0.00107371 0.0012271  0.00138049 0.00153387 0.00168726
 0.00184065 0.00199404 0.00214742 0.00230081 0.0024542  0.00260759
 0.00276097 0.00291436 0.00306775 0.00322114 0.00337452 0.00352791
 0.0036813  0.00383468 0.00398807 0.00414146]",Junk,,2025-10-09,2,4.2,20.0,672.0,0.10064399,0.15,2228.224341512229,916.10764003575,2316.789161777305,-42136.04296181129,100.42889987879882,0.9999150971195189,0.6733731022305383,0.000522642500366157,2301.2020152429554
84,"[0.         0.00015339 0.00030677 0.00046016 0.00061355 0.00076694
 0.00092032 0.00107371 0.0012271  0.00138049 0.00153387 0.00168726
 0.00184065 0.00199404 0.00214742 0.00230081 0.0024542  0.00260759
 0.00276097 0.00291436 0.00306775 0.00322114 0.00337452 0.00352791
 0.0036813  0.00383468 0.00398807 0.00414146]",Junk,,2025-10-13,1,4.2,0.0,694.0,0.10064399,0.15,2248.341257435262,1664.833751345548,2308.938422362449,-42287.093976608056,100.42900919315521,0.9999157124031014,0.6784645006040824,0.0005125681005362074,2310.5563906773345
100,"[0.         0.00015339 0.00030677 0.00046016 0.00061355 0.00076694
 0.00092032 0.00107371 0.0012271  0.00138049 0.00153387 0.00168726
 0.00184065 0.00199404 0.00214742 0.00230081 0.0024542  0.00260759
 0.00276097 0.00291436 0.00306775 0.00322114 0.00337452 0.00352791
 0.0036813  0.00383468 0.00398807 0.00414146]",Junk,,2025-10-15,1,4.2,0.5,,0.10064399,0.15,2226.354221280068,1659.191118674499,2320.040526355777,-42067.57146968521,100.42747550437515,0.9999153846247073,0.6723859107204537,0.0005274640287499744,2299.786158324287
125,"[0.         0.00015339 0.00030677 0.00046016 0.00061355 0.00076694
 0.00092032 0.00107371 0.0012271  0.00138049 0.00153387 0.00168726
 0.00184065 0.00199404 0.00214742 0.00230081 0.0024542  0.00260759
 0.00276097 0.00291436 0.00306775 0.00322114 0.00337452 0.00352791
 0.0036813  0.00383468 0.00398807 0.00414146]",Nose,,2025-10-17,1,4.2,0.5,,0.10064399,0.15,2277.906943045864,1683.629761408379,2314.670109002438,-42182.65245157337,100.43137626375677,0.9999142782265417,0.6726019689687174,0.0005193128264335781,2350.557457709938
126,"[0.         0.00015339 0.00030677 0.00046016 0.00061355 0.00076694
 0.00092032 0.00107371 0.0012271  0.00138049 0.00153387 0.00168726
 0.00184065 0.00199404 0.00214742 0.00230081 0.0024542  0.00260759
 0.00276097 0.00291436 0.00306775 0.00322114 0.00337452 0.00352791
 0.0036813  0.00383468 0.00398807 0.00414146]",Nose,,2025-10-17,2,4.2,0.5,,0.10064399,0.15,2277.906943045864,1679.161535752983,2315.992861949837,-42158.37484892766,100.43086879083974,0.9999143810014351,0.6722528099033711,0.000520985580865081,2348.8923612773438
128,"[0.         0.00015339 0.00030677 0.00046016 0.00061355 0.00076694
 0.00092032 0.00107371 0.0012271  0.00138049 0.00153387 0.00168726
 0.00184065 0.00199404 0.00214742 0.00230081 0.0024542  0.00260759
 0.00276097 0.00291436 0.00306775 0.00322114 0.00337452 0.00352791
 0.0036813  0.00383468 0.00398807 0.00414146]",Nose,,2025-10-21,4,4.2,0.0,,0.10064399,0.15,2251.829443838892,1721.454604957553,2323.315750763967,-42023.9053160892,100.42806021624706,0.9999149506440281,0.6703187629942134,0.0005304830745601078,2356.1598574338013
130,"[0.         0.00015339 0.00030677 0.00046016 0.00061355 0.00076694
 0.00092032 0.00107371 0.0012271  0.00138049 0.00153387 0.00168726
 0.00184065 0.00199404 0.00214742 0.00230081 0.0024542  0.00260759
 0.00276097 0.00291436 0.00306775 0.00322114 0.00337452 0.00352791
 0.0036813  0.00383468 0.00398807 0.00414146]",Nose,,2025-10-22,1,4.2,0.0,,0.0994127310626206,0.15,2261.139915430271,1672.276480089083,2272.512640315796,-42443.894838003485,100.42665363386419,0.9999173342942307,0.6886731707178454,0.0005144891266560968,2280.624384953674
145,"[0.         0.00015339 0.00030677 0.00046016 0.00061355 0.00076694
 0.00092032 0.00107371 0.0012271  0.00138049 0.00153387 0.00168726
 0.00184065 0.00199404 0.00214742 0.00230081 0.0024542  0.00260759
 0.00276097 0.00291436 0.00306775 0.00322114 0.00337452 0.00352791
 0.0036813  0.00383468 0.00398807 0.00414146]",Junk,not_good,2025-10-23,1,4.2,0.0,625.0,0.0994127310626206,0.15,2253.369376876533,1657.47881326588,2351.328264374004,-40966.49347728087,100.39535017327174,0.9999238154589019,0.6684329240363504,0.0006376785610411506,2302.406190392697
146,"[0.         0.00015339 0.00030677 0.00046016 0.00061355 0.00076694
 0.00092032 0.00107371 0.0012271  0.00138049 0.00153387 0.00168726
 0.00184065 0.00199404 0.00214742 0.00230081 0.0024542  0.00260759
 0.00276097 0.00291436 0.00306775 0.00322114 0.00337452 0.00352791
 0.0036813  0.00383468 0.00398807 0.00414146]",Nose,,2025-10-23,2,4.2,0.08333,599.0,0.0994127310626206,0.15,2245.103920029569,1688.810675316539,2313.426213785394,-41649.64450228935,100.41198429602876,0.9999199180273434,0.6755655338009574,0.0005729396928460651,2330.355617121862
161,"[0.         0.00015339 0.00030677 0.00046016 0.00061355 0.00076694
 0.00092032 0.00107371 0.0012271  0.00138049 0.00153387 0.00168726
 0.00184065 0.00199404 0.00214742 0.00230081 0.0024542  0.00260759
 0.00276097 0.00291436 0.00306775 0.00322114 0.00337452 0.00352791
 0.0036813  0.00383468 0.00398807 0.00414146]",Nose,,2025-10-27,1,4.2,0.0,613.0,0.0994127310626206,0.15,2241.818928760184,1683.458736919176,2309.428434169681,-41741.08361275659,100.4153104284331,0.9999189529339992,0.6754519836521942,0.000565293959798852,2309.9003839710927
172,"[0.         0.00015339 0.00030677 0.00046016 0.00061355 0.00076694
 0.00092032 0.00107371 0.0012271  0.00138049 0.00153387 0.00168726
 0.00184065 0.00199404 0.00214742 0.00230081 0.0024542  0.00260759
 0.00276097 0.00291436 0.00306775 0.00322114 0.00337452 0.00352791
 0.0036813  0.00383468 0.00398807 0.00414146]",Nose,,2025-10-28,12,4.2,0.0,601.0,0.0994127310626206,0.15,2242.084845941171,1684.854397563249,2315.51306534936,-41623.94474345761,100.41146233243869,0.9999200219795755,0.6751893259100213,0.0005750959925396453,2310.2525694078686
174,"[0.         0.00015339 0.00030677 0.00046016 0.00061355 0.00076694
 0.00092032 0.00107371 0.0012271  0.00138049 0.00153387 0.00168726
 0.00184065 0.00199404 0.00214742 0.00230081 0.0024542  0.00260759
 0.00276097 0.00291436 0.00306775 0.00322114 0.00337452 0.00352791
 0.0036813  0.00383468 0.00398807 0.00414146]",Nose,,2025-10-28,2,4.2,0.0,595.0,0.0994127310626206,0.15,2242.084845941171,1648.484363343296,2330.168975410972,-41361.41811300831,100.40326167661071,0.9999222432600033,0.6742433980953624,0.0005985125415847092,2318.411059579274
187,"[0.         0.00015339 0.00030677 0.00046016 0.00061355 0.00076694
 0.00092032 0.00107371 0.0012271  0.00138049 0.00153387 0.00168726
 0.00184065 0.00199404 0.00214742 0.00230081 0.0024542  0.00260759
 0.00276097 0.00291436 0.00306775 0.00322114 0.00337452 0.00352791
 0.0036813  0.00383468 0.00398807 0.00414146]",Junk_old,,2025-10-29,3,4.2,0.0,605.0,0.0994127310626206,0.15,2221.803241187168,1627.248074974648,2318.226291624173,-41375.59736163615,100.42829335887711,0.9999116083853807,0.657887988770069,0.0006144757573975269,2288.6105903700995
188,"[0.         0.00015339 0.00030677 0.00046016 0.00061355 0.00076694
 0.00092032 0.00107371 0.0012271  0.00138049 0.00153387 0.00168726
 0.00184065 0.00199404 0.00214742 0.00230081 0.0024542  0.00260759
 0.00276097 0.00291436 0.00306775 0.00322114 0.00337452 0.00352791
 0.0036813  0.00383468 0.00398807 0.00414146]",Junk_old,,2025-10-29,4,4.2,0.0,576.0,0.0994127310626206,0.15,2221.803241187168,1642.571102457194,2317.848013256718,-41383.52925826086,100.42977867538676,0.9999110014006716,0.6566274993548391,0.0006136274015053426,2286.248156692538
189,"[0.         0.00015339 0.00030677 0.00046016 0.00061355 0.00076694
 0.00092032 0.00107371 0.0012271  0.00138049 0.00153387 0.00168726
 0.00184065 0.00199404 0.00214742 0.00230081 0.0024542  0.00260759
 0.00276097 0.00291436 0.00306775 0.00322114 0.00337452 0.00352791
 0.0036813  0.00383468 0.00398807 0.00414146]",Junk_old,,2025-10-29,5,4.2,45.0,,0.0994127310626206,0.15,2221.803241187168,426.4318319524855,2319.141535342247,-41359.67156826021,100.42925798359232,0.9999111146972411,0.6562876975606413,0.0006158735151874315,2287.932046830069
190,"[0.         0.00015339 0.00030677 0.00046016 0.00061355 0.00076694
 0.00092032 0.00107371 0.0012271  0.00138049 0.00153387 0.00168726
 0.00184065 0.00199404 0.00214742 0.00230081 0.0024542  0.00260759
 0.00276097 0.00291436 0.00306775 0.00322114 0.00337452 0.00352791
 0.0036813  0.00383468 0.00398807 0.00414146]",Junk_old,,2025-10-29,6,4.2,10.0,591.0,0.0994127310626206,0.15,2221.803241187168,1202.624744663914,2322.757174987525,-41293.13211628167,100.42780660380761,0.9999114306787975,0.655339962374647,0.0006222381732758853,2289.6450995694286
191,"[0.         0.00015339 0.00030677 0.00046016 0.00061355 0.00076694
 0.00092032 0.00107371 0.0012271  0.00138049 0.00153387 0.00168726
 0.00184065 0.00199404 0.00214742 0.00230081 0.0024542  0.00260759
 0.00276097 0.00291436 0.00306775 0.00322114 0.00337452 0.00352791
 0.0036813  0.00383468 0.00398807 0.00414146]",Nose,,2025-10-29,7,4.2,0.0,577.0,0.0994127310626206,0.15,2228.950886582883,1656.224289597128,2316.303983870215,-41606.88353295681,100.4125723657843,0.9999195004323644,0.6734922842351887,0.0005764112886075855,2303.2310986044777
194,"[0.         0.00015339 0.00030677 0.00046016 0.00061355 0.00076694
 0.00092032 0.00107371 0.0012271  0.00138049 0.00153387 0.00168726
 0.00184065 0.00199404 0.00214742 0.00230081 0.0024542  0.00260759
 0.00276097 0.00291436 0.00306775 0.00322114 0.00337452 0.00352791
 0.0036813  0.00383468 0.00398807 0.00414146]",Nuts,,2025-10-29,10,4.2,0.0,667.0,0.0994127310626206,0.15,2093.263955636518,1531.436406245028,2309.579395712658,-41707.598643471254,100.41462686478071,0.9999190895062042,0.6749630225223635,0.000568021580246709,2195.896419680031
196,"[0.         0.00015339 0.00030677 0.00046016 0.00061355 0.00076694
 0.00092032 0.00107371 0.0012271  0.00138049 0.00153387 0.00168726
 0.00184065 0.00199404 0.00214742 0.00230081 0.0024542  0.00260759
 0.00276097 0.00291436 0.00306775 0.00322114 0.00337452 0.00352791
 0.0036813  0.00383468 0.00398807 0.00414146]",Nuts,,2025-10-29,12,4.2,0.0,664.0,0.0994127310626206,0.15,2093.263955636518,1549.509856614337,2310.0197912519,-41719.032394041424,100.41486024605075,0.9999190428694396,0.6751299838615916,0.0005670868032768317,2197.177005989176
199,"[0.         0.00015339 0.00030677 0.00046016 0.00061355 0.00076694
 0.00092032 0.00107371 0.0012271  0.00138049 0.00153387 0.00168726
 0.00184065 0.00199404 0.00214742 0.00230081 0.0024542  0.00260759
 0.00276097 0.00291436 0.00306775 0.00322114 0.00337452 0.00352791
 0.0036813  0.00383468 0.00398807 0.00414146]",Junk_old,,2025-10-30,2,4.2,0.0,592.0,0.0994127310626206,0.15,2220.918526274179,1636.15251142389,2318.151785014603,-41376.034373114635,100.42698787637482,0.9999121747313706,0.6592741560190872,0.0006145390577768898,2286.3493798008526
200,"[0.         0.00015339 0.00030677 0.00046016 0.00061355 0.00076694
 0.00092032 0.00107371 0.0012271  0.00138049 0.00153387 0.00168726
 0.00184065 0.00199404 0.00214742 0.00230081 0.0024542  0.00260759
 0.00276097 0.00291436 0.00306775 0.00322114 0.00337452 0.00352791
 0.0036813  0.00383468 0.00398807 0.00414146]",Junk_old,,2025-10-30,3,4.2,0.0,587.0,0.0994127310626206,0.15,2220.918526274179,1642.235101933495,2318.483451817269,-41370.85815064618,100.42819030632624,0.9999116307155353,0.6578203302057755,0.0006149218422084849,2285.5650841880556
210,"[0.         0.00015339 0.00030677 0.00046016 0.00061355 0.00076694
 0.00092032 0.00107371 0.0012271  0.00138049 0.00153387 0.00168726
 0.00184065 0.00199404 0.00214742 0.00230081 0.0024542  0.00260759
 0.00276097 0.00291436 0.00306775 0.00322114 0.00337452 0.00352791
 0.0036813  0.00383468 0.00398807 0.00414146]",Junk_old,,2025-10-30,13,4.2,0.0,585.0,0.0994127310626206,0.15,2220.918526274179,1659.961540953321,2319.882785646972,-41346.049825813025,100.42896076126269,0.9999111793846146,0.6560936829730335,0.000617164387081443,2285.9335003929914
220,"[0.         0.00015339 0.00030677 0.00046016 0.00061355 0.00076694
 0.00092032 0.00107371 0.0012271  0.00138049 0.00153387 0.00168726
 0.00184065 0.00199404 0.00214742 0.00230081 0.0024542  0.00260759
 0.00276097 0.00291436 0.00306775 0.00322114 0.00337452 0.00352791
 0.0036813  0.00383468 0.00398807 0.00414146]",Junk_old,not_good,2025-10-30,23,4.2,0.0,596.0,0.0994127310626206,0.15,2220.918526274179,1684.8624146542,2321.267139017995,-41320.52538404832,100.42840396477821,0.9999113005951539,0.6557301343492984,0.0006195998921647159,2285.449220917243
223,"[0.         0.00015339 0.00030677 0.00046016 0.00061355 0.00076694
 0.00092032 0.00107371 0.0012271  0.00138049 0.00153387 0.00168726
 0.00184065 0.00199404 0.00214742 0.00230081 0.0024542  0.00260759
 0.00276097 0.00291436 0.00306775 0.00322114 0.00337452 0.00352791
 0.0036813  0.00383468 0.00398807 0.00414146]",Junk_old,,2025-11-03,3,4.2,0.0,649.0,0.0994127310626206,0.15,2208.146731227328,1648.281071743037,2315.187997427632,-41433.548639746805,100.43218493362878,0.9999101914811515,0.6559709301333712,0.0006088774055801808,2268.1795528548623
246,"[0.         0.00015339 0.00030677 0.00046016 0.00061355 0.00076694
 0.00092032 0.00107371 0.0012271  0.00138049 0.00153387 0.00168726
 0.00184065 0.00199404 0.00214742 0.00230081 0.0024542  0.00260759
 0.00276097 0.00291436 0.00306775 0.00322114 0.00337452 0.00352791
 0.0036813  0.00383468 0.00398807 0.00414146]",Junk_old,,2025-11-05,2,4.2,0.0,626.0,0.0994127310626206,0.15,2189.740026100913,1634.056792784681,2316.902999413762,-41401.63475550981,100.43148543234916,0.999910344224032,0.6555174604119494,0.0006118332361204306,2252.8842882155013
247,"[0.         0.00015339 0.00030677 0.00046016 0.00061355 0.00076694
 0.00092032 0.00107371 0.0012271  0.00138049 0.00153387 0.00168726
 0.00184065 0.00199404 0.00214742 0.00230081 0.0024542  0.00260759
 0.00276097 0.00291436 0.00306775 0.00322114 0.00337452 0.00352791
 0.0036813  0.00383468 0.00398807 0.00414146]",Junk_old,,2025-11-05,3,4.2,0.0,638.0,0.0994127310626206,0.15,2189.740026100913,1646.405652777245,2317.655694950972,-41387.77995168686,100.4311818453847,0.9999104105343621,0.6553205926100009,0.0006131266755302435,2253.0125134405034
248,"[0.         0.00015339 0.00030677 0.00046016 0.00061355 0.00076694
 0.00092032 0.00107371 0.0012271  0.00138049 0.00153387 0.00168726
 0.00184065 0.00199404 0.00214742 0.00230081 0.0024542  0.00260759
 0.00276097 0.00291436 0.00306775 0.00322114 0.00337452 0.00352791
 0.0036813  0.00383468 0.00398807 0.00414146]",Junk_old,,2025-11-05,4,4.2,22.0,,0.0994127310626206,0.15,2189.740026100913,937.5026546030072,2319.814003153688,-41347.91343988539,100.43030858797796,0.9999106013378396,0.6547541067445232,0.0006168835338480398,2252.7940427609833
249,"[0.         0.00015339 0.00030677 0.00046016 0.00061355 0.00076694
 0.00092032 0.00107371 0.0012271  0.00138049 0.00153387 0.00168726
 0.00184065 0.00199404 0.00214742 0.00230081 0.0024542  0.00260759
 0.00276097 0.00291436 0.00306775 0.00322114 0.00337452 0.00352791
 0.0036813  0.00383468 0.00398807 0.00414146]",Junk_old,,2025-11-05,5,4.2,11.0,,0.0994127310626206,0.15,2189.740026100913,1203.73500215931,2320.310367568018,-41338.76732564164,100.43010830938347,0.9999106451112835,0.6546241426727679,0.0006177528436038624,2252.8184060742406
250,"[0.         0.00015339 0.00030677 0.00046016 0.00061355 0.00076694
 0.00092032 0.00107371 0.0012271  0.00138049 0.00153387 0.00168726
 0.00184065 0.00199404 0.00214742 0.00230081 0.0024542  0.00260759
 0.00276097 0.00291436 0.00306775 0.00322114 0.00337452 0.00352791
 0.0036813  0.00383468 0.00398807 0.00414146]",Junk_old,,2025-11-05,6,4.2,5.33333,620.0,0.0994127310626206,0.15,2189.740026100913,1426.978606547685,2319.055921476059,-41361.91931148798,100.43061532941066,0.9999105343051911,0.6549531255335326,0.0006155577125863812,2249.7133437211537
251,"[0.         0.00015339 0.00030677 0.00046016 0.00061355 0.00076694
 0.00092032 0.00107371 0.0012271  0.00138049 0.00153387 0.00168726
 0.00184065 0.00199404 0.00214742 0.00230081 0.0024542  0.00260759
 0.00276097 0.00291436 0.00306775 0.00322114 0.00337452 0.00352791
 0.0036813  0.00383468 0.00398807 0.00414146]",Junk_old,,2025-11-05,7,4.2,2.0,,0.0994127310626206,0.15,2189.740026100913,1594.921422821136,2321.2948283703,-41320.632385866986,100.42971126596849,0.9999107319047776,0.6543664476797553,0.000619484788920271,2248.7033502289028
252,"[0.         0.00015339 0.00030677 0.00046016 0.00061355 0.00076694
 0.00092032 0.00107371 0.0012271  0.00138049 0.00153387 0.00168726
 0.00184065 0.00199404 0.00214742 0.00230081 0.0024542  0.00260759
 0.00276097 0.00291436 0.00306775 0.00322114 0.00337452 0.00352791
 0.0036813  0.00383468 0.00398807 0.00414146]",Junk_old_2,,2025-11-07,1,4.2,0.0,602.0,0.0994127310626206,0.15,2220.421546431846,1664.720528456932,2319.455258261773,-41419.88206583982,100.42506193647026,0.9999133032210651,0.6601988401624975,0.0006054729805323776,2295.082333386794
253,"[0.         0.00015339 0.00030677 0.00046016 0.00061355 0.00076694
 0.00092032 0.00107371 0.0012271  0.00138049 0.00153387 0.00168726
 0.00184065 0.00199404 0.00214742 0.00230081 0.0024542  0.00260759
 0.00276097 0.00291436 0.00306775 0.00322114 0.00337452 0.00352791
 0.0036813  0.00383468 0.00398807 0.00414146]",Junk_old_2,,2025-11-07,2,4.2,0.0,603.0,0.0994127310626206,0.15,2220.421546431846,1651.516865098717,2321.814136643638,-41376.381508814484,100.4241297935583,0.9999135017239812,0.6595756556532716,0.0006095038338730684,2279.1394687650845
254,"[0.         0.00015339 0.00030677 0.00046016 0.00061355 0.00076694
 0.00092032 0.00107371 0.0012271  0.00138049 0.00153387 0.00168726
 0.00184065 0.00199404 0.00214742 0.00230081 0.0024542  0.00260759
 0.00276097 0.00291436 0.00306775 0.00322114 0.00337452 0.00352791
 0.0036813  0.00383468 0.00398807 0.00414146]",Junk_old_2,,2025-11-07,3,4.2,14.0,,0.0994127310626206,0.15,2220.421546431846,1086.059720438681,2315.726747033244,-41488.83651016448,100.42654053313687,0.9999129885865758,0.6611866444463951,0.0005992065746994111,2290.7145880079083
255,"[0.         0.00015339 0.00030677 0.00046016 0.00061355 0.00076694
 0.00092032 0.00107371 0.0012271  0.00138049 0.00153387 0.00168726
 0.00184065 0.00199404 0.00214742 0.00230081 0.0024542  0.00260759
 0.00276097 0.00291436 0.00306775 0.00322114 0.00337452 0.00352791
 0.0036813  0.00383468 0.00398807 0.00414146]",Junk_old_2,,2025-11-07,4,4.2,0.0,609.0,0.0994127310626206,0.15,2220.421546431846,1661.263308649833,2319.548555614286,-41418.17371593804,100.42502532000985,0.9999133110164926,0.6601743667945467,0.0006056301270326558,2292.887482572167
256,"[0.         0.00015339 0.00030677 0.00046016 0.00061355 0.00076694
 0.00092032 0.00107371 0.0012271  0.00138049 0.00153387 0.00168726
 0.00184065 0.00199404 0.00214742 0.00230081 0.0024542  0.00260759
 0.00276097 0.00291436 0.00306775 0.00322114 0.00337452 0.00352791
 0.0036813  0.00383468 0.00398807 0.00414146]",Junk_old_2,,2025-11-07,5,4.2,1.0,611.0,0.0994127310626206,0.15,2220.421546431846,1654.533998652756,2319.660283645063,-41416.12740397015,100.4249814607448,0.9999133203541049,0.6601450518224738,0.0006058185000466222,2291.1762320784396
261,"[0.         0.00015339 0.00030677 0.00046016 0.00061355 0.00076694
 0.00092032 0.00107371 0.0012271  0.00138049 0.00153387 0.00168726
 0.00184065 0.00199404 0.00214742 0.00230081 0.0024542  0.00260759
 0.00276097 0.00291436 0.00306775 0.00322114 0.00337452 0.00352791
 0.0036813  0.00383468 0.00398807 0.00414146]",Junk_old_2,,2025-11-07,10,4.2,27.0,,0.0994127310626206,0.15,2220.421546431846,745.7988189414648,2321.79623254477,-41376.73878241652,100.42413744728347,0.9999135000936291,0.6595807739700323,0.0006094704826629579,2292.319380166272
275,"[0.         0.00015339 0.00030677 0.00046016 0.00061355 0.00076694
 0.00092032 0.00107371 0.0012271  0.00138049 0.00153387 0.00168726
 0.00184065 0.00199404 0.00214742 0.00230081 0.0024542  0.00260759
 0.00276097 0.00291436 0.00306775 0.00322114 0.00337452 0.00352791
 0.0036813  0.00383468 0.00398807 0.00414146]",Junk_old_2,,2025-11-11,2,4.2,0.0,619.0,0.0994127310626206,0.15,2209.437444920454,1624.483931324325,2318.992282281053,-41428.36807510976,100.42524383543994,0.9999132644984953,0.660320408192254,0.0006046937133974822,2280.278254404045
288,"[0.         0.00015339 0.00030677 0.00046016 0.00061355 0.00076694
 0.00092032 0.00107371 0.0012271  0.00138049 0.00153387 0.00168726
 0.00184065 0.00199404 0.00214742 0.00230081 0.0024542  0.00260759
 0.00276097 0.00291436 0.00306775 0.00322114 0.00337452 0.00352791
 0.0036813  0.00383468 0.00398807 0.00414146]",Junk_old_2,,2025-11-11,15,4.2,0.0,625.0,0.0994127310626206,0.15,2209.437444920454,1692.53446863509,2320.980234159277,-41391.67547565311,100.42445746019037,0.999913431933225,0.6597947570666438,0.0006080797093244497,2282.7300305560957
296,"[0.         0.00015339 0.00030677 0.00046016 0.00061355 0.00076694
 0.00092032 0.00107371 0.0012271  0.00138049 0.00153387 0.00168726
 0.00184065 0.00199404 0.00214742 0.00230081 0.0024542  0.00260759
 0.00276097 0.00291436 0.00306775 0.00322114 0.00337452 0.00352791
 0.0036813  0.00383468 0.00398807 0.00414146]",Junk_old_2,,2025-11-11,23,4.2,0.0,628.0,0.0994127310626206,0.15,2209.437444920454,1641.005942827562,2321.293313807535,-41385.98897095868,100.42433562204613,0.9999134578822702,0.659713292384285,0.0006086083329308009,2282.27703951425
299,"[0.         0.00015339 0.00030677 0.00046016 0.00061355 0.00076694
 0.00092032 0.00107371 0.0012271  0.00138049 0.00153387 0.00168726
 0.00184065 0.00199404 0.00214742 0.00230081 0.0024542  0.00260759
 0.00276097 0.00291436 0.00306775 0.00322114 0.00337452 0.00352791
 0.0036813  0.00383468 0.00398807 0.00414146]",Junk_old_3,,2025-11-12,2,4.2,0.0,598.0,0.0994127310626206,0.15,2254.448908062236,1709.354814822435,2356.079189289937,-40819.95754885901,100.40530380033958,0.9999190582185921,0.6560484653453551,0.0006606978191176599,2329.904142922071
300,"[0.         0.00015339 0.00030677 0.00046016 0.00061355 0.00076694
 0.00092032 0.00107371 0.0012271  0.00138049 0.00153387 0.00168726
 0.00184065 0.00199404 0.00214742 0.00230081 0.0024542  0.00260759
 0.00276097 0.00291436 0.00306775 0.00322114 0.00337452 0.00352791
 0.0036813  0.00383468 0.00398807 0.00414146]",Junk_old_3,,2025-11-12,3,4.2,0.0,594.0,0.0994127310626206,0.15,2254.448908062236,1715.435415720642,2357.198315392142,-40799.94778212119,100.40488805541112,0.9999191450863896,0.65575934882337,0.0006629795228495193,2331.309580371948
301,"[0.         0.00015339 0.00030677 0.00046016 0.00061355 0.00076694
 0.00092032 0.00107371 0.0012271  0.00138049 0.00153387 0.00168726
 0.00184065 0.00199404 0.00214742 0.00230081 0.0024542  0.00260759
 0.00276097 0.00291436 0.00306775 0.00322114 0.00337452 0.00352791
 0.0036813  0.00383468 0.00398807 0.00414146]",Junk_old_3,,2025-11-12,4,4.2,0.0,595.0,0.0994127310626206,0.15,2254.448908062236,1716.724815740372,2357.87473073713,-40787.8442405616,100.40463663163042,0.9999191976299856,0.6555844671841264,0.0006643682876492997,2332.598962453069
313,"[0.         0.00015339 0.00030677 0.00046016 0.00061355 0.00076694
 0.00092032 0.00107371 0.0012271  0.00138049 0.00153387 0.00168726
 0.00184065 0.00199404 0.00214742 0.00230081 0.0024542  0.00260759
 0.00276097 0.00291436 0.00306775 0.00322114 0.00337452 0.00352791
 0.0036813  0.00383468 0.00398807 0.00414146]",Junk_old_3,,2025-11-12,16,4.2,0.0,590.0,0.0994127310626206,0.15,2254.448908062236,1704.683298472945,2356.570320903302,-40811.159985254075,100.40512099911248,0.9999190964114725,0.6559213514571971,0.0006616988313307863,2331.5681693670804
314,"[0.         0.00015339 0.00030677 0.00046016 0.00061355 0.00076694
 0.00092032 0.00107371 0.0012271  0.00138049 0.00153387 0.00168726
 0.00184065 0.00199404 0.00214742 0.00230081 0.0024542  0.00260759
 0.00276097 0.00291436 0.00306775 0.00322114 0.00337452 0.00352791
 0.0036813  0.00383468 0.00398807 0.00414146]",Junk_old_3,,2025-11-13,1,4.2,0.0,604.0,0.0994127310626206,0.15,2263.763511299966,1694.570018247522,2343.998641617346,-41036.254942810374,100.40843686245978,0.9999186884432085,0.6605721019390215,0.0006372526469299058,2316.7188072123513
315,"[0.         0.00015339 0.00030677 0.00046016 0.00061355 0.00076694
 0.00092032 0.00107371 0.0012271  0.00138049 0.00153387 0.00168726
 0.00184065 0.00199404 0.00214742 0.00230081 0.0024542  0.00260759
 0.00276097 0.00291436 0.00306775 0.00322114 0.00337452 0.00352791
 0.0036813  0.00383468 0.00398807 0.00414146]",Junk_old_3,,2025-11-13,2,4.2,0.0,607.0,0.0994127310626206,0.15,2263.763511299966,1724.993723865378,2352.539865515873,-40883.38282445848,100.40662230883252,0.9999187828585079,0.6569648768228966,0.0006535805442905227,2323.557532905788
337,"[0.         0.00015339 0.00030677 0.00046016 0.00061355 0.00076694
 0.00092032 0.00107371 0.0012271  0.00138049 0.00153387 0.00168726
 0.00184065 0.00199404 0.00214742 0.00230081 0.0024542  0.00260759
 0.00276097 0.00291436 0.00306775 0.00322114 0.00337452 0.00352791
 0.0036813  0.00383468 0.00398807 0.00414146]",Junk_old_3,,2025-11-13,24,4.2,0.0,612.0,0.0994127310626206,0.15,2263.763511299966,1725.606445971222,2358.412556314373,-40778.31064325518,100.40443862066483,0.9999192390163668,0.6554467179842512,0.0006654667815375369,2325.94785144271
