Description,file name alkalinity,date,sample/junk,bottle,batch,Corresponding DIC file nr,notes ,file_not_good,Temperature,First emf value,Salinity,Titrant Molinity,Reference DIC (umol/L),Reference DIC (umol/kg),Calculated DIC (umol/kg),waiting time (minutes),Titration duration (seconds),Mixing and waiting time (seconds),Alkalinity daily reference measurement,acid added (mL),acid increments (mL),emf0 value,calkulate alkalinity,daily reference alkalinity (umol/kg),file name DIC,start time,sample volume (L),Calculated DIC (umol/L),Unnamed: 28,before titrant molinity,after titrant molinity at salinity 30,after titrant molinity at salinity 34,alkalinity daily reference alkalinity (umol/kg),alkalinity daily reference std (umol/kg)
,0-0  0  (0)junk-250916-01.dat,2025-09-16,Junk,1,,,first measurement bad,not_good,21.3,159.3,30.0,0.10064399,2300.0,2253.369376876533,,,,4,,4.2,0.15,,,,,Is this necessary?,,,,,,,,
,0-0  0  (0)junk-250916-02.dat,2025-09-16,Junk,2,,,,,25.9,162.75,30.0,0.10064399,2300.0,2253.369376876533,,,,4,,4.2,0.15,634.4566133293154,2495.159911361349,,,,,,,2464.856309104724,2480.717974468064,2473.416850049218,,
,0-0  0  (0)junk-250916-03.dat,2025-09-16,Junk,3,,,,,25.9,161.75,30.0,0.10064399,2300.0,2253.369376876533,,,,4,1.0,4.2,0.15,633.9304315824165,2480.512126788392,,,,,,,2452.316034273629,2468.096772482338,2461.367238727841,2477.304,7.551
,0-0  0  (0)junk-250916-04.dat,2025-09-16,Junk,4,,,,,25.9,161.85,30.0,0.10064399,2300.0,2253.369376876533,,,,4,1.0,4.2,0.15,633.4826807009779,2477.535356274628,,,,,,,2448.412850953571,2464.168337565546,2458.497835461184,2477.304,7.551
,0-0  0  (0)junk-250916-05.dat,2025-09-16,Junk,5,,,,,26.0,161.05,30.0,0.10064399,2300.0,2253.369376876533,,,,4,1.0,4.2,0.15,633.6220783637183,2478.724842406389,,,,,,,2450.639238074,2466.409038819705,2459.643795109873,2477.304,7.551
,0-0  0  (0)junk-250916-06.dat,2025-09-16,Junk,6,,,,,25.9,160.55,30.0,0.10064399,2300.0,2253.369376876533,,,1050.0,4,1.0,4.2,0.15,633.4306838543482,2484.915718836589,,,,,,,2444.901799621625,2460.639070246709,2465.651715208087,2477.304,7.551
,0-0  0  (0)junk-250916-07.dat,2025-09-16,Junk,7,,,,,26.0,160.4,30.0,0.10064399,2300.0,2253.369376876533,,,1001.0,4,1.0,4.2,0.15,633.6314475549832,2487.073663166796,,,,,,,2458.501637444854,2474.322308686651,2467.725426727696,2477.304,7.551
,0-0  0  (0)junk-250916-08.dat,2025-09-16,Junk,8,,,Cell not full ,not_good,25.9,160.45,30.0,0.10064399,2300.0,2253.369376876533,,,,4,,4.2,0.15,,,,,,,,,,,,,
,0-0  0  (0)junk-250916-09.dat,2025-09-16,Junk,9,,,,,26.0,160.45,30.0,0.10064399,2300.0,2253.369376876533,,,,4,1.0,4.2,0.15,633.636238047284,2476.646569390355,,,,,,,2448.774698419432,2464.532441600195,2457.626043243865,2477.304,7.551
,0-0  0  (0)junk-250916-10.dat,2025-09-16,Junk,10,,,,,26.0,160.55,30.0,0.10064399,2300.0,2253.369376876533,,,,4,1.0,4.2,0.15,633.7590943577716,2466.672365056078,,,,,,,2432.905447393472,2448.563820664148,2441.949689432509,2477.304,7.551
,0-0  0  (0)junk-250916-11.dat,2025-09-16,Junk,11,,,,,26.0,160.55,30.0,0.10064399,2300.0,2253.369376876533,,,986.0,4,1.0,4.2,0.15,633.9622162128776,2466.351357482432,,,,,,,2432.063445080321,2447.716365104884,2440.513325492507,2477.304,7.551
,0-0  0  (0)junk-250917-01.dat,2025-09-17,Junk,1,,,,,24.8,166.75,30.0,0.10064399,2300.0,2253.369376876533,,,,4,,4.2,0.15,635.452693956644,2383.878881836467,,,,,,,2355.069262879586,2370.22445419492,2363.233002169603,,
,0-0  0  (0)junk-250917-02.dat,2025-09-17,Junk,2,,,,,25.0,168.65,30.0,0.10064399,2300.0,2253.369376876533,,,1001.0,4,1.0,4.2,0.15,634.7138373613418,2393.415164370321,,,,,,,2364.15798113081,2379.371851760811,2372.356178938976,2396.031,2.173
,0-0  0  (0)junk-250917-03.dat,2025-09-17,Junk,3,,,,,25.1,168.05,30.0,0.10064399,2300.0,2253.369376876533,,,,4,1.0,4.2,0.15,635.6215329926274,2393.497832683814,,,,,,,2364.215810688655,2379.430015160082,2372.415308754998,2396.031,2.173
,0-0  0  (0)junk-250917-04.dat,2025-09-17,Junk,4,,,,,25.2,168.75,30.0,0.10064399,2300.0,2253.369376876533,,,1004.0,4,1.0,4.2,0.15,635.0496530184774,2394.320480810928,,,,,,,2364.934710832481,2380.153563323973,2373.137924100157,2396.031,2.173
,0-0  0  (0)junk-250917-05.dat,2025-09-17,Junk,5,,,,,25.2,167.75,30.0,0.10064399,2300.0,2253.369376876533,,,985.0,4,1.0,4.2,0.15,634.821798990797,2394.973083886904,,,,,,,2365.593490341954,2380.816559350114,2373.798943702247,2396.031,2.173
,0-0  0  (0)junk-250917-06.dat,2025-09-17,Junk,6,,,,,25.2,167.0,30.0,0.10064399,2300.0,2253.369376876533,,,,4,1.0,4.2,0.15,633.9465804774914,2397.676817629119,,,,,,,2368.384610072131,2383.628535263889,2376.333346922617,2396.031,2.173
,0-0  0  (0)junk-250917-07.dat,2025-09-17,Junk,7,,,,,25.2,166.4,30.0,0.10064399,2300.0,2253.369376876533,,,943.0,4,1.0,4.2,0.15,633.654433070332,2396.8436985836,,,,,,,2367.357799626276,2382.592302460034,2375.56955268488,2396.031,2.173
,0-0  0  (0)junk-250917-08.dat,2025-09-17,Junk,8,,,,,25.2,166.2,30.0,0.10064399,2300.0,2253.369376876533,,,945.0,4,1.0,4.2,0.15,633.4327420520525,2396.643627177641,,,,,,,2367.188794949582,2382.422175307485,2375.399877432487,2396.031,2.173
,0-0  0  (0)junk-250917-09.dat,2025-09-17,Junk,9,,,,,25.2,165.85,30.0,0.10064399,2300.0,2253.369376876533,,,928.0,4,1.0,4.2,0.15,633.196336414444,2400.270289248982,,,,,,,2370.622789044236,2385.878419766239,2378.846205468174,2396.031,2.173
,0-0  0  (0)junk-250917-10.dat,2025-09-17,Junk,10,,,,not_good,25.2,165.85,30.0,0.10064399,2300.0,2253.369376876533,,,942.0,4,,4.2,0.15,633.0387087540299,2395.857014184693,,,,,,,2366.440168707884,2381.668711676887,2374.648624971695,,
,0-0  0  (0)junk-250917-11.dat,2025-09-17,Junk,11,,,,,25.2,165.85,30.0,0.10064399,2300.0,2253.369376876533,,,912.0,4,1.0,4.2,0.15,632.9207628409927,2395.046771956662,,,,,,,2365.687920128036,2380.911586451202,2373.893709228217,2396.031,2.173
,0-0  0  (0)junk-250917-12.dat,2025-09-17,Junk,12,,,,,25.2,165.75,30.0,0.10064399,2300.0,2253.369376876533,,,,4,1.0,4.2,0.15,632.7880960613921,2397.618640354794,,,,,,,2368.083631046366,2383.322836183129,2376.297976495474,2396.031,2.173
,0-0  0  (0)junk-250918-01.dat,2025-09-18,Junk,1,,,,,25.2,169.95,30.0,0.10064399,1794.65395,1758.268805661091,,,,4,,4.2,0.15,630.4284410821454,2377.073641301459,,,,,,,2362.011294781433,2377.073641301459,2370.518295364466,,
,0-0  0  (0)junk-250918-02.dat,2025-09-18,Junk,2,,,,,25.2,169.45,30.0,0.10064399,1794.65395,1758.268805661091,,,,4,,4.2,0.15,630.733820982852,2347.567940104842,,,,,,,2332.684432642386,2347.567940104842,2341.062209156526,,
,0-0  0  (0)junk-250918-03.dat,2025-09-18,Junk,3,,,,,25.2,169.0,30.0,0.10064399,1794.65395,1758.268805661091,,,,4,,4.2,0.15,632.7338595537028,2362.704561081864,,,,,,,2347.728632136653,2362.704561081864,2356.17104706436,,
,0-0  0  (0)junk-250930-02.dat,2025-09-30,Junk,2,,,,,24.9,170.25,30.0,0.10064399,2318.7481,2271.737374448106,,,,4,1.0,4.2,0.15,631.2488537362955,2367.956413669843,,,,,,,2352.985850921421,2367.956413669843,2361.534241226278,2369.502,1.593
,0-0  0  (0)junk-250930-03.dat,2025-09-30,Junk,3,,14.0,,,25.0,170.15,30.0,0.10064399,2318.7481,2271.737374448106,1650.48145767414,0.0,,4,,4.2,0.15,631.3565198371554,2360.915712571036,,co2data 30-09 (2).txt,,,1682.7805,,2345.987337756289,2360.915712571036,2354.50467084907,,
,0-0  0  (0)junk-250930-04-2_25mL-0_15incrMl.dat,2025-09-30,Junk,4,,15.0,,,25.0,169.75,30.0,0.10064399,2318.7481,2271.737374448106,1867.267765195424,0.0,,4,,2.25,0.15,,,,co2data 30-09 (3).txt,,,1903.8092,,,,,,
,0-0  0  (0)junk-250930-05-1_2mL-0_15incrmL.dat,2025-09-30,Junk,5,,16.0,,,25.0,169.15,30.0,0.10064399,2318.7481,2271.737374448106,2086.960593651359,0.0,,4,,1.2,0.15,457.2528571880142,294.4430215662886,,co2data 30-09 (4).txt,,,2127.8013,,292.7911138865692,294.4430215662886,294.3434006995255,,
,0-0  0  (0)junk-250930-06-3_15mL-0_15incrmL.dat,2025-09-30,Junk,6,,17.0,,,25.1,167.7,30.0,0.10064399,2318.7481,2271.737374448106,1768.674938691129,0.0,,4,,3.15,0.15,631.5695043929682,2368.678087527243,,co2data 30-09 (5).txt,,,1803.2343,,2353.763553613086,2368.678087527243,2362.488651642155,,
,0-0  0  (0)junk-250930-07-3_60mL-0_15incrmL.dat,2025-09-30,Junk,7,,18.0,,,25.2,167.25,30.0,0.10064399,2318.7481,2271.737374448106,1684.514500298744,0.0,,4,,3.6,0.15,631.6012122271605,2364.439517124506,,co2data 30-09 (6).txt,,,1717.3791,,2349.500752399337,2364.439517124506,2358.071707143206,,
,0-0  0  (0)junk-250930-08-4_80mL-0_15incrmL.dat,2025-09-30,Junk,8,,21.0,,,25.2,165.95,30.0,0.10064399,2318.7481,2271.737374448106,1566.693567244367,0.0,,4,1.0,4.8,0.15,631.5334544651923,2369.411411827821,,co2data 30-09 (9).txt,,,1597.2595,,2354.433074903664,2369.411411827821,2362.993200937,2369.502,1.593
,0-0  0  (0)junk-250930-09-4_2mL-0_15incrmL.dat,2025-09-30,Junk,9,,,,,25.2,164.95,30.0,0.10064399,2318.7481,2271.737374448106,,,,4,1.0,4.2,0.15,631.5844228825708,2371.138103338608,,,,,,,2356.149373559422,2371.138103338608,2364.717099118186,2369.502,1.593
,0-0  0  (0)junk-251001-01-4_2mL-0_15incrmL.dat,2025-10-01,Junk,1,,24.0,,,24.7,164.8,30.0,0.10064399,2291.38005,2244.924189328618,1626.004195218691,0.0,821.0,4,1.0,4.2,0.15,631.1204478343789,2368.283084553107,,co2data 01-10 (3).txt,,,1657.9687,,2353.307624956911,2368.283084553107,2361.848516466397,2380.228,10.396
,0-0  0  (0)junk-251001-02-2_25mL-0_15incrmL.dat,2025-10-01,Junk,2,,25.0,,,25.0,162.7,30.0,0.10064399,2291.38005,2244.924189328618,1887.767692544828,0.0,555.0,4,,2.25,0.15,520.9427156744041,1482.164534938373,,co2data 01-10 (4).txt,,,1924.7103,,1472.991514271819,1482.164534938373,1478.826959286088,,
,0-0  0  (0)junk-251001-03-1_2mL-0_15incrmL.dat,2025-10-01,Junk,3,,26.0,,,25.0,162.05,30.0,0.10064399,2291.38005,2244.924189328618,2073.665570173808,0.0,,4,,1.2,0.15,456.9875212058927,317.4547785871241,,co2data 01-10 (5).txt,,,2114.2461,,315.6723303858884,317.4547785871241,317.3442250520043,,
,0-0  0  (0)junk-251001-04-1_2mL-0_15incrmL.dat,2025-10-01,Junk,4,,27.0,,,25.2,160.95,30.0,0.10064399,2291.38005,2244.924189328618,2022.103396683485,0.5,,4,,1.2,0.15,457.0725699374979,322.9462077637248,,co2data 01-10 (6).txt,,,2061.5543,,321.1333636916889,322.9462077637248,322.8359154375233,,
,0-0  0  (0)junk-251001-05-1_2mL-0_15incrmL.dat,2025-10-01,Junk,5,,28.0,,,25.2,160.65,30.0,0.10064399,2291.38005,2244.924189328618,2071.439752528899,0.0,,4,,1.2,0.15,457.0778456120055,323.3734163033283,,co2data 01-10 (7).txt,,,2111.8532,,321.5599662439517,323.3734163033283,323.2690014693479,,
,0-0  0  (0)junk-251001-07-2_25mL-0_15incrmL.dat,2025-10-01,Junk,7,,29.0,,,25.2,160.05,30.0,0.10064399,2291.38005,2244.924189328618,1906.553653097667,0.0,539.0,4,,2.25,0.15,516.3102824218296,1389.285302167159,,co2data 01-10 (8).txt,,,1943.7502,,1380.713256857182,1389.285302167159,1386.241747884714,,
,0-0  0  (0)junk-251001-08-2_25mL-0_15incrmL.dat,2025-10-01,Junk,8,,30.0,,,25.21,159.65,30.0,0.10064399,2291.38005,2244.924189328618,1897.699863135228,0.0,548.0,4,,2.25,0.15,515.9013898363089,1386.635340666574,,co2data 01-10 (9).txt,,,1934.718,,1378.077956631181,1386.635340666574,1383.591815030902,,
,0-0  0  (0)junk-251001-09-2_25mL-0_15incrmL.dat,2025-10-01,Junk,9,,31.0,,,25.0,159.35,30.0,0.10064399,2291.38005,2244.924189328618,1892.875534794768,0.0,561.0,4,,2.25,0.15,515.3973695111367,1383.837414408774,,co2data 01-10 (10).txt,,,1929.9181,,1375.294291025577,1383.837414408774,1380.788525788088,,
,0-0  0  (0)junk-251001-10-3_15mL-0_15incrmL.dat,2025-10-01,Junk,10,,32.0,,,25.0,159.25,30.0,0.10064399,2291.38005,2244.924189328618,1761.999410777345,0.0,697.0,4,,3.15,0.15,631.6959321050144,2386.519760926702,,co2data 01-10 (11).txt,,,1796.4808,,2371.502624756249,2386.519760926702,2380.315749931662,,
,0-0  0  (0)junk-251001-11-3_15mL-0_15incrmL.dat,2025-10-01,Junk,11,,33.0,,,25.1,159.05,30.0,0.10064399,2291.38005,2244.924189328618,1776.503863913513,0.0,690.0,4,,3.15,0.15,631.6523930570785,2385.226165379117,,co2data 01-10 (12).txt,,,1811.2162,,2370.21683852651,2385.226165379117,2379.025432602329,,
,0-0  0  (0)junk-251001-12-4_2mL-0_15incrmL.dat,2025-10-01,Junk,12,,34.0,,,24.8,158.8,30.0,0.10064399,2291.38005,2244.924189328618,1655.952963828572,0.0,803.0,4,1.0,4.2,0.15,631.4062148086398,2385.173766769744,,co2data 01-10 (13).txt,,,1688.4573,,2370.099000022935,2385.173766769744,2378.722195671779,2380.228,10.396
,0-0  0  (0)junk-251001-13-4_2mL-0_15incrmL.dat,2025-10-01,Junk,13,,35.0,,,25.0,158.65,30.0,0.10064399,2291.38005,2244.924189328618,1668.699539523623,0.0,,4,1.0,4.2,0.15,631.572190237205,2387.22844072503,,co2data 01-10 (14).txt,,,1701.3551,,2372.142072720386,2387.22844072503,2380.778128320246,2380.228,10.396
,0-0  0  (0)junk-251003-01-4_2mL-0_15incrmL.dat,2025-10-03,Junk,1,,37.0,,,24.0,170.95,30.0,0.10064399,2313.26693,2266.36733069704,1580.984097649683,,785.0,4,,4.2,0.15,632.4345723611242,2157.365270540534,,co2data 03-10 (2).txt,,,1612.3869,,2143.799770894449,2157.365270540534,2151.658518277352,,
,0-0  0  (0)junk-251003-02-4_2mL-0_15incrmL.dat,2025-10-03,Junk,2,,42.0,,,25.9,171.75,30.0,0.10064399,2313.26693,2266.36733069704,1541.750145172344,,778.0,4,,4.2,0.15,634.6816805634267,2200.127487343633,,co2data 03-10 (7).txt,,,1571.5038,,2186.226221662924,2200.127487343633,2194.192235721682,,
,0-0  0  (0)junk-251003-03-4_2mL-0_15incrmL.dat,2025-10-03,Junk,3,,,,,25.0,171.4,30.0,0.10064399,2313.26693,2266.36733069704,,,,4,,4.2,0.15,633.4097273057142,2211.185869275585,,,,,,,2197.215972063388,2211.185869275585,2205.218721598821,,
,0-0  0  (0)junk-251003-04-4_2mL-0_15incrmL.dat,2025-10-03,Junk,4,,46.0,,,25.1,171.35,30.0,0.10064399,2313.26693,2266.36733069704,1499.166451186826,3.0,783.0,4,,4.2,0.15,631.8768966170452,2349.125781822596,,co2data 03-10 (11).txt,,,1528.4597,,2334.268048000692,2349.125781822596,2342.732782964906,,
,0-0  0  (0)junk-251003-05-4_2mL-0_15incrmL.dat,2025-10-03,Junk,5,,51.0,,,25.1,171.1,30.0,0.10064399,2313.26693,2266.36733069704,1538.965686438605,4.0,,4,,4.2,0.15,631.9127969356002,2349.879662425495,,co2data 03-10 (16).txt,,,1569.0366,,2335.017260745617,2349.879662425495,2343.484939629046,,
,0-0  0  (0)junk-251003-07-2_25mL-0_15incrmL.dat,2025-10-03,Junk,7,,,,,25.2,170.85,30.0,0.10064399,2313.26693,2266.36733069704,,,,4,,2.25,0.15,,,,,,,,,,,,,
,0-0  0  (0)junk-251003-08-2_25mL-0_15incrmL.dat,2025-10-03,Junk,8,,54.0,,,25.2,170.35,30.0,0.10064399,2313.26693,2266.36733069704,1882.918667758292,,533.0,4,,2.25,0.15,,,,co2data 03-10 (19).txt,,,1919.6541,,,,,,
,0-0  0  (0)junk-251003-09-2_25mL-0_15incrmL.dat,2025-10-03,Junk,9,,55.0,,,25.2,170.2,30.0,0.10064399,2313.26693,2266.36733069704,1900.794316797718,,,4,,2.25,0.15,,,,co2data 03-10 (20).txt,,,1937.8785,,,,,,
,0-0  0  (0)junk-251006-01-4_2mL-0_15incrmL.dat,2025-10-06,Junk,1,,59.0,,,24.7,170.05,30.0,0.10064399,2283.7086,2237.408271717209,519.2969954085205,40.0,788.0,4,,4.2,0.15,631.3621773556056,2309.22302011891,,co2data 06-10 (4).txt,,,529.5055,,2294.6862650158,2309.22302011891,2302.380094458559,,
,0-0  0  (0)junk-251006-02-4_2mL-0_15incrmL.dat,2025-10-06,Junk,2,,61.0,,,24.7,169.75,30.0,0.10064399,2283.7086,2237.408271717209,941.52255186799,20.0,,4,1.0,4.2,0.15,631.5573237461633,2317.802651690191,,co2data 06-10 (6).txt,,,960.0313,,2301.621879118036,2317.802651690191,2309.928296470554,2315.033,1.87
,0-0  0  (0)junk-251006-03-4_2mL-0_15incrmL.dat,2025-10-06,Junk,3,,62.0,,,25.2,169.9,30.0,0.10064399,2283.7086,2237.408271717209,1284.798591662676,10.0,732.0,4,1.0,4.2,0.15,631.8373765388645,2316.520115857903,,co2data 06-10 (7).txt,,,1309.8648,,2301.857320907393,2316.520115857903,2310.172919883116,2315.033,1.87
,0-0  0  (0)junk-251006-04-4_2mL-0_15incrmL.dat,2025-10-06,Junk,4,,63.0,,,25.2,169.75,30.0,0.10064399,2283.7086,2237.408271717209,1473.45523177103,5.0,735.0,4,1.0,4.2,0.15,631.7857435026127,2315.492164069635,,co2data 06-10 (8).txt,,,1502.2021,,2300.835756568063,2315.492164069635,2309.147264870594,2315.033,1.87
,0-0  0  (0)junk-251006-05-4_2mL-0_15incrmL.dat,2025-10-06,Junk,5,,64.0,,,25.1,169.75,30.0,0.10064399,2283.7086,2237.408271717209,1597.712099691973,2.0,,4,1.0,4.2,0.15,631.768026766121,2313.9681739422,,co2data 06-10 (9).txt,,,1628.9309,,2299.696922268068,2313.9681739422,2308.001029927741,2315.033,1.87
,0-0  0  (0)junk-251006-06-4_2mL-0_15incrmL.dat,2025-10-06,Junk,6,,65.0,,,25.1,169.65,30.0,0.10064399,2283.7086,2237.408271717209,1650.773496410248,0.5,735.0,4,1.0,4.2,0.15,631.7555535153881,2312.256927090428,,co2data 06-10 (10).txt,,,1683.0291,,2296.83039166318,2312.256927090428,2305.123162658019,2315.033,1.87
,0-0  0  (0)junk-251006-07-4_2mL-0_15incrmL-0_0min.dat,2025-10-06,Junk,7,,66.0,,,25.1,169.5,30.0,0.10064399,2283.7086,2237.408271717209,1690.321539871919,0.0,,4,1.0,4.2,0.15,631.7589794556262,2315.510244343498,,co2data 06-10 (11).txt,,,1723.3499,,2300.233706579404,2315.510244343498,2308.540826229559,2315.033,1.87
,0-0  0  (0)junk-251006-08-4_2mL-0_15incrmL-1_0min.dat,2025-10-06,Junk,8,,67.0,,,25.1,169.55,30.0,0.10064399,2283.7086,2237.408271717209,1620.840478326307,1.0,750.0,4,1.0,4.2,0.15,631.7292933765914,2313.682559671759,,co2data 06-10 (12).txt,,,1652.5112,,2299.136053393722,2313.682559671759,2307.438116703251,2315.033,1.87
,0-0  0  (0)junk-251008-01-4_2mL-0_15incrmL.dat,2025-10-08,Junk,1,,72.0,,,25.1,167.75,30.0,0.10064399,2267.9422,2221.961522611302,1222.878237436622,10.0,767.0,4,,4.2,0.15,631.7402944418633,2312.95250439849,,co2data 08-10 (4).txt,,,1246.7729,,2296.882436061399,2312.95250439849,2305.172032037223,,
,0-0  0  (0)junk-251008-02-4_2mL-0_15incrmL.dat,2025-10-08,Junk,2,,74.0,,,25.1,167.85,30.0,0.10064399,2267.9422,2221.961522611302,907.3479025962189,20.0,701.0,4,1.0,4.2,0.15,631.7031127177248,2312.430689864113,,co2data 08-10 (6).txt,,,925.0772,,2297.103494626014,2312.430689864113,2305.395352753327,2315.861,4.376
,0-0  0  (0)junk-251008-03-4_2mL-0_15incrmL.dat,2025-10-08,Junk,3,,75.0,,,25.1,167.55,30.0,0.10064399,2267.9422,2221.961522611302,1408.287301662589,5.0,704.0,4,1.0,4.2,0.15,631.7028935099565,2313.025783601845,,co2data 08-10 (7).txt,,,1435.8048,,2297.889441258797,2313.025783601845,2306.184065363906,2315.861,4.376
,0-0  0  (0)junk-251008-04-4_2mL-0_15incrmL.dat,2025-10-08,Junk,4,,77.0,,,25.2,167.55,30.0,0.10064399,2267.9422,2221.961522611302,470.9486692408437,43.0,694.0,4,1.0,4.2,0.15,631.780256886431,2313.704136181429,,co2data 08-10 (9).txt,,,480.1368,,2298.750900455701,2313.704136181429,2307.050475574945,2315.861,4.376
,0-0  0  (0)junk-251008-05-4_2mL-0_15incrmL.dat,2025-10-08,Junk,5,,79.0,,,25.2,167.4,30.0,0.10064399,2267.9422,2221.961522611302,49.54331804704012,140.0,,4,1.0,4.2,0.15,631.8685126395652,2318.072976288115,,co2data 08-10 (11).txt,,,50.5099,,2303.051298805034,2318.072976288115,2311.369192281257,2315.861,4.376
,0-0  0  (0)junk-251008-06-4_2mL-0_15incrmL.dat,2025-10-08,Junk,6,,80.0,,,25.1,166.65,30.0,0.10064399,2267.9422,2221.961522611302,1631.057245848632,0.0,,4,1.0,4.2,0.15,631.7404909985607,2323.819869230621,,co2data 08-10 (12).txt,,,1662.9276,,2309.111581367735,2323.819869230621,2317.455554231974,2315.861,4.376
,0-0  0  (0)junk-251008-07-4_2mL-0_15incrmL.dat,2025-10-08,Junk,7,,81.0,,,25.2,166.35,30.0,0.10064399,2267.9422,2221.961522611302,1028.250110167363,15.5,692.0,4,1.0,4.2,0.15,631.861989946144,2314.111718421763,,co2data 08-10 (13).txt,,,1048.3111,,2298.767519740691,2314.111718421763,2307.067279957121,2315.861,4.376
,0-0  0  (0)junk-251009-01-4_2mL-0_15incrmL.dat,2025-10-09,Junk,1,,82.0,,,24.7,170.35,30.0,0.10064399,2274.33462,2228.224341512229,1618.874061639874,0.5,686.0,4,,4.2,0.15,631.4188602226568,2311.772779227419,,co2data (82).txt,,,1650.6984,,2297.221058090595,2311.772779227419,2305.982554596588,,
,0-0  0  (0)junk-251009-02-4_2mL-0_15incrmL.dat,2025-10-09,Junk,2,,85.0,,,25.1,170.25,30.0,0.10064399,2274.33462,2228.224341512229,916.10764003575,20.0,672.0,4,1.0,4.2,0.15,631.8457172939031,2316.789161777305,,co2data (85).txt,,,934.0081,,2302.131871459993,2316.789161777305,2310.445712624696,2319.042,3.186
,0-0  0  (0)junk-251009-03-4_2mL-0_15incrmL.dat,2025-10-09,Junk,3,,,,,24.8,170.05,30.0,0.10064399,2274.33462,2228.224341512229,,,,4,1.0,4.2,0.15,631.751488141785,2321.294430410497,,,,,,,2305.902145849341,2321.294430410497,2314.226580647825,2319.042,3.186
,0-0  0  (0)junk-251009-04-4_2mL-4_2incrmL.dat,2025-10-09,Junk,4,,87.0,,,24.8,,30.0,0.10064399,2274.33462,2228.224341512229,1979.862024190816,0.05,50.0,4,,4.2,4.2,,,,co2data 09-10 (6).txt,,,2018.7243,,,,,,
,0-0  0  (0)junk-251009-05-4_2mL-4_2incrmL.dat,2025-10-09,Junk,5,,88.0,,,24.9,,30.0,0.10064399,2274.33462,2228.224341512229,1874.302146059474,2.0,50.0,4,,4.2,4.2,,,,co2data 09-10 (7).txt,,,1911.0369,,,,,,
,0-0  0  (0)junk-251009-06-4_2mL-4_2incrmL.dat,2025-10-09,Junk,6,,89.0,,,25.0,,30.0,0.10064399,2274.33462,2228.224341512229,1713.040412279997,5.0,50.0,4,,4.2,4.2,,,,co2data 09-10 (8).txt,,,1746.5637,,,,,,
,0-0  0  (0)junk-251009-07-4_2mL-4_2incrmL.dat,2025-10-09,Junk,7,,91.0,,,25.1,,30.0,0.10064399,2274.33462,2228.224341512229,1275.686774945644,15.5,50.0,4,,4.2,4.2,,,,co2data 09-10 (10).txt,,,1300.6133,,,,,,
,0-0  0  (0)junk-251009-08-4_2mL-4_2incrmL.dat,2025-10-09,Junk,8,,93.0,,,25.1,,30.0,0.10064399,2274.33462,2228.224341512229,370.2442420154203,60.0,50.0,4,,4.2,4.2,,,,co2data 09-10 (12).txt,,,377.4787,,,,,,
,0-0  0  (0)junk-251009-09-4_2mL-4_2incrmL.dat,2025-10-09,Junk,9,,94.0,,,25.1,,30.0,0.10064399,2274.33462,2228.224341512229,1459.70560393812,10.5,50.0,4,,4.2,4.2,,,,co2data 09-10 (13).txt,,,1488.2278,,,,,,
,0-0  0  (0)junk-251009-10-4_2mL-4_2incrmL.dat,2025-10-09,Junk,10,,95.0,,,25.1,,30.0,0.10064399,2274.33462,2228.224341512229,1557.6649094049,8.5,50.0,4,,4.2,4.2,,,,co2data 09-10 (14).txt,,,1588.1012,,,,,,
,0-0  0  (0)junk-251009-11-4_2mL-4_2incrmL.dat,2025-10-09,Junk,11,,96.0,,,25.2,,30.0,0.10064399,2274.33462,2228.224341512229,978.5234687294035,25.0,50.0,4,,4.2,4.2,,,,co2data 09-10 (15).txt,,,997.6143,,,,,,
,0-0  0  (0)junk-251009-12-4_2mL-4_2incrmL.dat,2025-10-09,Junk,12,,99.0,,,25.2,,30.0,0.10064399,2274.33462,2228.224341512229,642.6857079776644,41.0,50.0,4,,4.2,4.2,,,,co2data 09-10 (18).txt,,,655.2244,,,,,,
,0-0  0  (0)junk-251009-13-4_2mL-4_2incrmL.dat,2025-10-09,Junk,13,,100.0,,,25.2,,30.0,0.10064399,2274.33462,2228.224341512229,755.3517128299216,30.0,50.0,4,,4.2,4.2,,,,co2data 09-10 (19).txt,,,770.0885,,,,,,
,0-0  0  (0)junk-251009-14-4_2mL-4_2incrmL.dat,2025-10-09,Junk,14,,101.0,,,25.0,,30.0,0.10064399,2274.33462,2228.224341512229,1711.261426091407,5.0,50.0,4,,4.2,4.2,,,,co2data 09-10 (20).txt,,,1744.7499,,,,,,
,0-0  0  (0)junk-251009-15-4_2mL-4_2incrmL.dat,2025-10-09,Junk,15,,102.0,,,24.9,,30.0,0.10064399,2274.33462,2228.224341512229,1972.820763580988,0.0,50.0,4,,4.2,4.2,,,,co2data 09-10 (21).txt,,,2011.4864,,,,,,
,0-0  0  (0)junk-251013-01-4_2mL-0_15incrmL.dat,2025-10-13,Junk,1,,107.0,,,24.9,172.85,30.0,0.10064399,2294.86783,2248.341257435262,1664.833751345548,0.0,694.0,4,1.0,4.2,0.15,631.467978904383,2308.938422362449,,co2data 13-10 (3).txt,,,1697.4631,,2294.405409647742,2308.938422362449,2302.547020294393,2308.938,
,0-0  0  (0)junk-251013-02-1_2mL-0_15incrmL.dat,2025-10-13,Junk,2,,108.0,,,25.0,172.05,30.0,0.10064399,2294.86783,2248.341257435262,2091.931515363242,0.0,240.0,4,,1.2,0.15,460.2279321632273,294.2152162546403,,co2data 13-10 (4).txt,,,2132.8695,,292.5615948687533,294.2152162546403,294.1055670073441,,
,0-0  0  (0)junk-251013-03-1_2mL-0_15incrmL.dat,2025-10-13,Junk,3,,110.0,,,25.2,171.75,30.0,0.10064399,2294.86783,2248.341257435262,1231.649717421521,68.0,254.0,4,,1.2,0.15,460.0180596399721,290.9299244389111,,co2data 13-10 (6).txt,,,1255.679,,289.2959040695582,290.9299244389111,290.8253834554953,,
,0-0  0  (0)junk-251013-04-1_2mL-0_15incrmL.dat,2025-10-13,Junk,4,,111.0,,,25.1,170.6,30.0,0.10064399,2294.86783,2248.341257435262,1931.160030253314,5.0,,4,,1.2,0.15,459.7455711739195,295.2280794108934,,co2data 13-10 (7).txt,,,1968.8943,,293.5699511917131,295.2280794108934,295.1223375573632,,
,0-0  0  (0)junk-251013-05-1_2mL-0_15incrmL.dat,2025-10-13,Junk,5,,112.0,,,25.1,170.1,30.0,0.10064399,2294.86783,2248.341257435262,2087.016149877052,0.0,250.0,4,,1.2,0.15,460.0109128801678,296.1695885007418,,co2data 13-10 (8).txt,,,2127.7958,,294.5057028493056,296.1695885007418,296.062008937617,,
,0-0  0  (0)junk-251013-06-1_2mL-0_15incrmL.dat,2025-10-13,Junk,6,,113.0,,,25.1,169.85,30.0,0.10064399,2294.86783,2248.341257435262,1955.253844572935,5.0,257.0,4,,1.2,0.15,459.8649278576704,294.3150548705981,,co2data 13-10 (9).txt,,,1993.4589,,292.662037434362,294.3150548705981,294.2095058866944,,
,0-0  0  (0)junk-251013-07-1_2mL-0_15incrmL.dat,2025-10-13,Junk,7,,114.0,,,25.1,169.35,30.0,0.10064399,2294.86783,2248.341257435262,1860.638106826947,10.0,240.0,4,,1.2,0.15,460.1711398979963,300.7136113648954,,co2data 13-10 (10).txt,,,1896.9944,,299.0237896655753,300.7136113648954,300.6034319734915,,
,0-0  0  (0)junk-251013-08-1_2mL-0_15incrmL.dat,2025-10-13,Junk,8,,115.0,,,25.1,169.2,30.0,0.10064399,2294.86783,2248.341257435262,1858.548438303626,10.0,243.0,4,,1.2,0.15,459.9833944637073,297.3423341977496,,co2data 13-10 (11).txt,,,1894.8639,,295.6725958281947,297.3423341977496,297.2369355393856,,
,0-0  0  (0)junk-251013-09-1_2mL-0_15incrmL.dat,2025-10-13,Junk,9,,,,,25.2,168.7,30.0,0.10064399,2294.86783,2248.341257435262,,30.0,,4,,1.2,0.15,460.1176536452977,300.9709824751552,,,,,,,299.2803333005473,300.9709824751552,300.8629733895481,,
,0-0  0  (0)junk-251013-10-1_2mL-0_15incrmL.dat,2025-10-13,Junk,10,,,,,25.2,168.35,30.0,0.10064399,2294.86783,2248.341257435262,,,,4,,1.2,0.15,459.9733025393048,300.9472068839108,,,,,,,299.2571841808026,300.9472068839108,300.8408533425734,,
,0-0  0  (0)junk-251014-01-4_2mL-0_15incrmL.dat,2025-10-14,Junk,1,,,,,25.1,167.35,30.0,0.10064399,2263.36368,2217.475828368077,,,,4,,4.2,0.15,632.0269924744288,2314.135681464451,,,,,,,2298.737383142036,2314.135681464451,2307.035090005723,,
,0-0  0  (0)junk-251014-02-4_2mL-0_15incrmL.dat,2025-10-14,Junk,2,,,,,25.1,166.85,30.0,0.10064399,2263.36368,2217.475828368077,,,,4,1.0,4.2,0.15,632.0308547287372,2316.468058920493,,,,,,,2301.141961796535,2316.468058920493,2309.449950847591,2316.304,0.232
,0-0  0  (0)junk-251014-03-4_2mL-0_15incrmL.dat,2025-10-14,Junk,3,,,,,25.2,166.5,30.0,0.10064399,2263.36368,2217.475828368077,,,,4,1.0,4.2,0.15,632.0401795908796,2316.140280267871,,,,,,,2301.478632946493,2316.140280267871,2309.790035506877,2316.304,0.232
,0-0  0  (0)nose-251014-04-4_2mL-0_15incrmL.dat,2025-10-14,Nose,4,,,,,25.2,178.7,30.0,0.10064399,2300.0,2253.369376876533,,,,4,,4.2,0.15,645.2521958965946,1403.376775216131,,,,,,,1382.59259457377,1391.484033619721,1387.38687975381,,
,0-0  0  (0)CRM-251014-05-4_2mL-0_15incrmL.dat,2025-10-14,Crm,5,,,,,25.2,166.15,32.71,0.10064399,2068.5364,2022.518181689424,,,,4,,4.2,0.15,632.9737550244846,2146.949938358492,,,,,,,2139.703808051135,2153.247600633777,2146.569889429936,,
,0-0  0  (0)junk-251014-06-4_2mL-0_15incrmL.dat,2025-10-15,Junk,6,,,,,25.2,166.0,30.0,0.10064399,2272.4258,2226.354221280068,,,,4,,4.2,0.15,635.1015671443671,2060.072410698469,,,,,,,2047.066767164667,2060.072410698469,2054.544204416391,,
,0-0  0  (0)junk-251015-01-4_2mL-0_15incrmL.dat,2025-10-15,Junk,1,,129.0,,,25.1,169.95,30.0,0.10064399,2272.4258,2226.354221280068,1659.191118674499,0.5,,4,1.0,4.2,0.15,632.3283516160689,2320.040526355777,,co2data 15-10 (2).txt,,,1691.6112,,2305.355233318265,2320.040526355777,2313.682748821645,2320.041,
,0-0  0  (0)junk-251015-02-1_2mL-0_15incrmL.dat,2025-10-15,Junk,2,,130.0,,,25.0,169.45,30.0,0.10064399,2272.4258,2226.354221280068,2064.013358805114,0.0,,4,,1.2,0.15,463.0423800084329,307.3639557738795,,co2data 15-10 (3).txt,,,2104.405,,305.6335460211134,307.3639557738795,307.2409596865941,,
,0-0  0  (0)junk-251015-03-1_2mL-0_15incrmL.dat,2025-10-15,Junk,3,,131.0,,,24.9,169.45,30.0,0.10064399,2272.4258,2226.354221280068,2018.268525471498,2.0,,4,,1.2,0.15,462.8354144278998,309.3262587668594,,co2data 15-10 (4).txt,,,2057.8249,,307.5846469074561,309.3262587668594,309.2019518685896,,
,0-0  0  (0)junk-251015-04-1_2mL-0_15incrmL.dat,2025-10-15,Junk,4,,132.0,,,25.0,169.15,30.0,0.10064399,2272.4258,2226.354221280068,2036.196519521923,2.0,,4,,1.2,0.15,460.4137837259563,299.4011388562097,,co2data 15-10 (5).txt,,,2076.0438,,297.7173944770583,299.4011388562097,299.2868459251438,,
,0-0  0  (0)junk-251015-05-1_2mL-0_15incrmL.dat,2025-10-15,Junk,5,,133.0,,,25.1,169.15,30.0,0.10064399,2272.4258,2226.354221280068,1956.348652367223,5.0,,4,,1.2,0.15,460.6628215840514,303.0511840838134,,co2data 15-10 (6).txt,,,1994.5751,,301.3464839846107,303.0511840838134,302.9345429294748,,
,0-0  0  (0)junk-251015-06-1_2mL-0_15incrmL.dat,2025-10-15,Junk,6,,135.0,,,25.1,169.05,30.0,0.10064399,2272.4258,2226.354221280068,1199.187251965875,80.0,,4,,1.2,0.15,460.4336135408726,299.4435921576977,,co2data 15-10 (8).txt,,,1222.619,,297.7599744371271,299.4435921576977,299.3307280897127,,
,0-0  0  (0)junk-251015-07-1_2mL-0_15incrmL.dat,2025-10-15,Junk,7,,137.0,,,25.2,168.4,30.0,0.10064399,2272.4258,2226.354221280068,1657.299755475694,20.0,,4,,1.2,0.15,460.3002048999041,304.4277849029772,,co2data 15-10 (10).txt,,,1689.6334,,302.7163696914054,304.4277849029772,304.3143310529161,,
,0-0  0  (0)junk-251015-08-1_2mL-0_15incrmL.dat,2025-10-15,Junk,8,,139.0,,,25.2,168.3,30.0,0.10064399,2272.4258,2226.354221280068,1342.003728883004,50.0,,4,,1.2,0.15,460.5243400070977,303.2689733756501,,co2data 15-10 (12).txt,,,1368.186,,301.5641755567651,303.2689733756501,303.156219310455,,
,0-0  0  (0)junk-251015-09-1_2mL-0_15incrmL.dat,2025-10-15,Junk,9,,140.0,,,25.2,168.1,30.0,0.10064399,2272.4258,2226.354221280068,1376.141212220927,45.0,,4,,1.2,0.15,460.2022064479959,301.1160391463661,,co2data 15-10 (13).txt,,,1402.9895,,299.4235524842167,301.1160391463661,301.0046073128415,,
,0-0  0  (0)junk-251015-10-1_2mL-0_15incrmL.dat,2025-10-15,Junk,10,,141.0,,,25.2,167.95,30.0,0.10064399,2272.4258,2226.354221280068,1842.654907079527,10.0,,4,,1.2,0.15,460.2062730502144,302.6461598383792,,co2data 15-10 (14).txt,,,1878.6048,,300.9451346388161,302.6461598383792,302.5344935567164,,
,0-0  0  (0)junk-251015-11-4_2mL-0_15incrmL.dat,2025-10-16,Junk,11,,,,,25.2,168.75,30.0,0.10064399,2271.12,2225.074895309492,,,,4,1.0,4.2,0.15,632.3035023858723,2325.949591964549,,,,,,,2311.228621399325,2325.949591964549,2319.583388603342,2324.64,1.851
,0-0  0  (0)junk-251016-01-4_2mL-0_15incrmL.dat,2025-10-16,Junk,1,,,,,25.0,170.0,30.0,0.10064399,2271.12,2225.074895309492,,,,4,1.0,4.2,0.15,632.1424230338671,2323.331216027189,,,,,,,2308.625548538452,2323.331216027189,2316.965695302304,2324.64,1.851
,0-0  0  (0)junk-251016-02-0_6mL-0_15incrmL.dat,2025-10-16,Junk,2,,145.0,,not_good,25.0,168.4,30.0,0.10064399,2271.12,2225.074895309492,2158.544534095199,0.0,,4,,0.6,0.15,447.5239010038802,147.3006053072587,,co2data 16-10 (4).txt,,,2200.7861,,146.7311978508517,147.3006053072587,148.1157661397499,,
,0-0  0  (0)junk-251016-03-0_6mL-0_15incrmL.dat,2025-10-16,Junk,3,,146.0,,,25.0,168.45,30.0,0.10064399,2271.12,2225.074895309492,2076.079334100438,5.0,,4,,0.6,0.15,447.8532583076544,146.4043677154839,,co2data 16-10 (5).txt,,,2116.7071,,145.8390940906397,146.4043677154839,147.2168370461368,,
,0-0  0  (0)junk-251016-04-0_6mL-0_15incrmL.dat,2025-10-16,Junk,4,,147.0,,,25.1,168.45,30.0,0.10064399,2271.12,2225.074895309492,2095.906338343855,5.0,,4,,0.6,0.15,448.2499241193156,149.0430477903368,,co2data 16-10 (6).txt,,,2136.8597,,148.4663434078844,149.0430477903368,149.8659743174443,,
,0-0  0  (0)junk-251016-05-0_6mL-0_15incrmL.dat,2025-10-16,Junk,5,,148.0,,,25.1,168.35,30.0,0.10064399,2271.12,2225.074895309492,2036.525324980377,10.0,,4,,0.6,0.15,447.6251655036468,143.6471529887136,,co2data 16-10 (7).txt,,,2076.3184,,143.0953693335873,143.6471529887136,144.4539949521775,,
,0-0  0  (0)junk-251016-06-0_6mL-0_15incrmL.dat,2025-10-16,Junk,6,,150.0,,,25.2,168.45,30.0,0.10064399,2271.12,2225.074895309492,1747.940077757336,70.0,,4,,0.6,0.15,448.2554391910463,149.8903011980722,,co2data 16-10 (9).txt,,,1782.0421,,149.3104329161826,149.8903011980722,150.7183199411242,,
,0-0  0  (0)junk-251016-07-0_6mL-0_15incrmL.dat,2025-10-16,Junk,7,,151.0,,,25.2,168.15,30.0,0.10064399,2271.12,2225.074895309492,1944.504145263088,21.0,,4,,0.6,0.15,448.1450251929591,151.6405984084572,,co2data 16-10 (10).txt,,,1982.4411,,151.0527930868369,151.6405984084572,152.4743284270003,,
,0-0  0  (0)junk-251016-08-0_6mL-0_15incrmL.dat,2025-10-16,Junk,8,,153.0,,,25.2,167.9,30.0,0.10064399,2271.12,2225.074895309492,1886.761396750289,30.0,,4,,0.6,0.15,448.1950292008108,151.6406064032642,,co2data 16-10 (12).txt,,,1923.5718,,151.0528012780208,151.6406064032642,152.4743390355775,,
,0-0  0  (0)junk-251016-09-0_6mL-0_15incrmL.dat,2025-10-16,Junk,9,,154.0,,,25.2,167.25,30.0,0.10064399,2271.12,2225.074895309492,2137.762898896611,1.0,,4,,0.6,0.15,448.2717644024339,155.0846097511675,,co2data 16-10 (13).txt,,,2179.4703,,154.4813585670308,155.0846097511675,155.9301453277595,,
,0-0  0  (0)junk-251016-10-0_6mL-0_15incrmL.dat,2025-10-16,Junk,10,,155.0,,,25.1,167.05,30.0,0.10064399,2271.12,2225.074895309492,2124.52464547325,2.0,,4,,0.6,0.15,448.0171961422784,154.2627864018499,,co2data 16-10 (14).txt,,,2166.0372,,153.6624850742701,154.2627864018499,155.1029852161759,,
,0-0  0  (0)junk-251016-11-0_6mL-0_15incrmL.dat,2025-10-16,Junk,11,,156.0,,,25.2,167.0,30.0,0.10064399,2271.12,2225.074895309492,2141.095284601849,0.75,,4,,0.6,0.15,448.1904443439131,155.9340850819298,,co2data 16-10 (15).txt,,,2182.8677,,155.3270596598904,155.9340850819298,156.7826460478354,,
,0-0  0  (0)junk-251016-12-0_6mL-0_15incrmL.dat,2025-10-16,Junk,12,,157.0,,,25.2,166.9,30.0,0.10064399,2271.12,2225.074895309492,2112.272119787203,3.0,,4,,0.6,0.15,448.1217623525617,155.0846056115353,,co2data 16-10 (16).txt,,,2153.4822,,154.4813543056413,155.0846056115353,155.9301398073912,,
,0-0  0  (0)junk-251016-13-0_6mL-0_15incrmL.dat,2025-10-16,Junk,13,,158.0,,,25.2,166.4,30.0,0.10064399,2271.12,2225.074895309492,1793.217914637493,52.0,,4,,0.6,0.15,448.0272416550046,157.619590074709,,co2data 16-10 (17).txt,,,1828.2033,,157.0051205521704,157.619590074709,158.47431086885,,
,0-0  0  (0)junk-251016-14-0_6mL-0_15incrmL.dat,2025-10-17,Junk,14,,159.0,,,25.1,165.6,30.0,0.10064399,2285.25777,2238.926033559633,2145.530791869186,0.0,,4,,0.6,0.15,447.9583923758095,165.2143346735775,,co2data 16-10 (18).txt,,,2187.4538,,164.5688021917225,165.2143346735775,166.1050202757482,,
,0-0  0  (0)nose-251017-01-4_2mL-0_15incrmL.dat,2025-10-17,Nose,1,,165.0,,,25.2,182.45,30.0,0.10064399,2325.04534,2277.906943045864,1683.629761408379,0.5,,4,,4.2,0.15,635.4188244515751,2314.670109002438,,co2data 17-10 (5).txt,,,1716.4771,,2299.236345541791,2314.670109002438,2307.546301301772,,
,0-0  0  (0)nose-251017-02-4_2mL-0_15incrmL.dat,2025-10-17,Nose,2,,166.0,,,25.2,181.75,30.0,0.10064399,2325.04534,2277.906943045864,1679.161535752983,0.5,,4,1.0,4.2,0.15,635.2444532822265,2315.992861949837,,co2data 17-10 (6).txt,,,1711.9217,,2300.694638396958,2315.992861949837,2309.011075611791,2315.971,0.032
,0-0  0  (0)nose-251017-03-4_2mL-0_15incrmL.dat,2025-10-17,Nose,3,,,,,25.2,181.55,30.0,0.10064399,2325.04534,2277.906943045864,,,,4,1.0,4.2,0.15,635.0498187816712,2315.948284691391,,,,,,,2301.291705757028,2315.948284691391,2309.611266126595,2315.971,0.032
,0-0  0  (0)nose-251017-04-4_2mL-0_15incrmL.dat,2025-10-21,Nose,4,,170.0,,,25.2,180.7,30.0,0.10064399,2298.4282,2251.829443838892,1721.454604957553,0.0,,4,1.0,4.2,0.15,634.2246841833756,2323.315750763967,,co2data 17-10 (10).txt,,,1755.0399,,2308.612427826132,2308.612427826132,2302.302753572395,2323.316,
,0-0  0  (0)nose-251021-01-4_2mL-0_15incrmL.dat,2025-10-22,Nose,1,,,Changed acid,,25.0,178.65,30.0,0.0994127310626206,2307.93134,2261.139915430271,,,,4,,4.2,0.15,633.7770332864578,2224.019575309139,,,,,,,2236.973746918099,2236.973746918099,2231.004508927509,,
,0-0  0  (0)nose-251022-01-4_2mL-0_15incrmL.dat,2025-10-22,Nose,1,,179.0,,,24.9,175.95,30.0,0.0994127310626206,2307.93134,2261.139915430271,1672.276480089083,0.0,,4,,4.2,0.15,633.3744428106687,2272.512640315796,,co2data 22-10 (3).txt,,,1705.0517,,2285.720629155527,2285.720629155527,2279.96266099587,,
,0-0  0  (0)nose-251022-02-2_1mL-0_15incrmL.dat,2025-10-22,Nose,2,,180.0,,,25.1,176.3,30.0,0.0994127310626206,2307.93134,2261.139915430271,1961.925875158729,0.0,,4,,2.1,0.15,504.6129339234047,1067.898910274114,,co2data 22-10 (4).txt,,,2000.2613,,1073.959843373148,1073.959843373148,1071.669319929123,,
,0-0  0  (0)nose-251022-03-2_1mL-0_15incrmL.dat,2025-10-22,Nose,3,,181.0,,,25.1,176.5,30.0,0.0994127310626206,2307.93134,2261.139915430271,1976.854769186444,0.0,,4,,2.1,0.15,504.0988791431593,1064.640038275165,,co2data 22-10 (5).txt,,,2015.4819,,1070.683347744557,1070.683347744557,1068.411523968071,,
,0-0  0  (0)nose-251022-04-2_1mL-0_15incrmL.dat,2025-10-22,Nose,4,,182.0,,,25.1,176.6,30.0,0.0994127310626206,2307.93134,2261.139915430271,1923.959133547935,1.0,,4,,2.1,0.15,500.9529984021178,980.5603482394339,,co2data 22-10 (6).txt,,,1961.5527,,986.0913414838294,986.0913414838294,984.1126722142141,,
,0-0  0  (0)nose-251022-05-2_1mL-0_15incrmL.dat,2025-10-22,Nose,5,,183.0,,,25.2,177.2,30.0,0.0994127310626206,2307.93134,2261.139915430271,1933.068355630192,1.0,,4,,2.1,0.15,500.9661058909217,980.442051914487,,co2data 22-10 (7).txt,,,1970.7822,,985.972429877562,985.972429877562,983.9932035139561,,
,0-0  0  (0)nose-251022-06-2_1mL-0_15incrmL.dat,2025-10-22,Nose,6,,185.0,,,25.1,176.95,30.0,0.0994127310626206,2307.93134,2261.139915430271,1890.943645964704,2.0,,4,,2.1,0.15,500.8783156571219,979.4959936801073,,co2data 22-10 (9).txt,,,1927.8921,,985.0212539126101,985.0212539126101,983.0428836574401,,
,0-0  0  (0)nose-251022-07-2_1mL-0_15incrmL.dat,2025-10-22,Nose,7,,186.0,,,25.2,177.15,30.0,0.0994127310626206,2307.93134,2261.139915430271,1882.521516121143,2.0,,4,,2.1,0.15,500.7089739883689,977.4218377391977,,co2data 22-10 (10).txt,,,1919.2492,,982.9363256871889,982.9363256871889,980.961287155498,,
,0-0  0  (0)nose-251022-08-2_1mL-0_15incrmL.dat,2025-10-22,Nose,8,,187.0,,,25.2,177.2,30.0,0.0994127310626206,2307.93134,2261.139915430271,925.5314345642678,30.0,,4,,2.1,0.15,500.8849059659497,978.8137887708989,,co2data 22-10 (11).txt,,,943.5884,,984.3353601636021,984.3353601636021,982.3568129531016,,
,0-0  0  (0)nose-251022-09-2_1mL-0_15incrmL.dat,2025-10-22,Nose,9,,190.0,,,25.2,177.0,30.0,0.0994127310626206,2307.93134,2261.139915430271,911.7478500223061,30.0,,4,,2.1,0.15,500.9685627279631,980.4620803023258,,co2data 22-10 (14).txt,,,929.5359,,985.9920074658587,985.9920074658587,984.0154742007915,,
,0-0  0  (0)nose-251022-10-2_1mL-0_15incrmL.dat,2025-10-22,Nose,10,,191.0,,,25.1,176.8,30.0,0.0994127310626206,2307.93134,2261.139915430271,1721.388599141808,5.0,,4,,2.1,0.15,500.3762104535761,977.1665698339727,,co2data 22-10 (15).txt,,,1755.024,,982.6803258489186,982.6803258489186,980.7027931654318,,
,0-0  0  (0)nose-251022-11-2_1mL-0_15incrmL.dat,2025-10-22,Nose,11,,,,,25.2,177.15,30.0,0.0994127310626206,2307.93134,2261.139915430271,,,,4,,2.1,0.15,500.9536143540992,979.5562310987581,,,,,,,985.0815228219559,985.0815228219559,983.1040764284205,,
,0-0  0  (0)nose-251022-12-2_1mL-0_15incrmL.dat,2025-10-22,Nose,12,,193.0,,,25.2,176.95,30.0,0.0994127310626206,2307.93134,2261.139915430271,1503.981371820101,10.0,,4,,2.1,0.15,500.6691367526624,977.7073182453634,,co2data 22-10 (17).txt,,,1533.3238,,983.2226623632982,983.2226623632982,981.2571144297525,,
,0-0  0  (0)nose-251022-13-2_1mL-0_15incrmL.dat,2025-10-22,Nose,13,,195.0,,,25.2,176.75,30.0,0.0994127310626206,2307.93134,2261.139915430271,377.2630600047502,79.0,,4,,2.1,0.15,500.6110809850979,977.5195590166869,,co2data 22-10 (19).txt,,,384.6234,,983.0341628185079,983.0341628185079,981.069826823004,,
,0-0  0  (0)nose-251022-14-2_1mL-0_15incrmL.dat,2025-10-22,Nose,14,,196.0,,,25.2,176.55,30.0,0.0994127310626206,2307.93134,2261.139915430271,1708.438055684177,5.0,,4,,2.1,0.15,500.0013748479373,974.3349959046471,,co2data 22-10 (20).txt,,,1741.7694,,979.8331139951964,979.8331139951964,977.8602128067525,,
,0-0  0  (0)nose-251022-15-4_2mL-0_15incrmL.dat,2025-10-23,Nose,15,,,,,25.2,177.15,30.0,0.0994127310626206,2291.5635,2245.103920029569,,,,4,1.0,4.2,0.15,632.9995294461995,2315.126080597622,,,,,,,2328.644669632294,2328.644669632294,2322.303518459463,2314.276,1.202
,0-0  0  (0)junk-251023-01-4_2mL-0_15incrmL.dat,2025-10-23,Junk,1,0,198.0,,,24.8,166.9,30.0,0.0994127310626206,2300.0,2253.369376876533,1657.47881326588,0.0,625.0,4,,4.2,0.15,633.3612780816218,2351.328264374004,,co2data 23-10 (2).txt,,,1690.0131,,2351.531150610976,2351.531150610976,2344.594637457075,,
,0-0  0  (0)nose-251023-02-4_2mL-0_15incrmL.dat,2025-10-23,Nose,2,1,199.0,,,25.0,177.35,30.0,0.0994127310626206,2291.5635,2245.103920029569,1688.810675316539,0.08333,599.0,4,1.0,4.2,0.15,633.6124079751733,2313.426213785394,,co2data 23-10 (3).txt,,,1721.8598,,2326.936084589804,2326.936084589804,2320.592994279454,2314.276,1.202
,0-0  0  (0)nose-251023-03-3_6mL-0_15incrmL.dat,2025-10-23,Nose,3,1,200.0,,,25.0,177.65,30.0,0.0994127310626206,2291.5635,2245.103920029569,1795.962766019659,0.0,,4,,3.6,0.15,634.1632029628281,2317.25743131946,,co2data 23-10 (4).txt,,,1831.1088,,2330.78031149364,2330.78031149364,2324.472017707541,,
,0-0  0  (0)nose-251023-04-3_0mL-0_15incrmL.dat,2025-10-23,Nose,4,1,201.0,,,25.1,177.95,30.0,0.0994127310626206,2291.5635,2245.103920029569,1847.590650096313,0.0,,4,,3.0,0.15,634.6168070204634,2315.303526982693,,co2data 23-10 (5).txt,,,1883.692,,2328.751590586625,2328.751590586625,2322.704538771412,,
,0-0  0  (0)nose-251023-05-2_4mL-0_15incrmL.dat,2025-10-23,Nose,5,1,202.0,,,25.1,177.7,30.0,0.0994127310626206,2291.5635,2245.103920029569,1923.498239279403,0.083333,,4,,2.4,0.15,,,,co2data 23-10 (6).txt,,,1961.0828,,,,,,
,0-0  0  (0)nose-251023-06-2_1mL-0_15incrmL.dat,2025-10-23,Nose,6,1,203.0,,,25.2,177.75,30.0,0.0994127310626206,2291.5635,2245.103920029569,1990.07555459323,0.0,,4,,2.1,0.15,501.9261350205527,977.5735392304515,,co2data 23-10 (7).txt,,,2028.9016,,983.090529082288,983.090529082288,981.1174586786,,
,0-0  0  (0)nose-251023-07-1_8mL-0_15incrmL.dat,2025-10-23,Nose,7,1,204.0,,,25.1,177.5,30.0,0.0994127310626206,2291.5635,2245.103920029569,2046.183997506331,0.0,292.0,4,,1.8,0.15,476.1890427146625,514.4517365512932,,co2data 23-10 (8).txt,,,2086.1658,,453.5475547498963,453.5475547498963,453.0440291943598,,
,0-0  0  (0)nose-251023-08-1_5mL-0_15incrmL.dat,2025-10-23,Nose,8,1,205.0,,,25.1,177.3,30.0,0.0994127310626206,2291.5635,2245.103920029569,2074.647136571708,0.166666,270.0,4,,1.5,0.15,469.6206489295196,384.1290907305287,,co2data 23-10 (9).txt,,,2115.1851,,386.1788984525936,386.1788984525936,385.8187108319125,,
,0-0  0  (0)nose-251023-09-1_2mL-0_15incrmL.dat,2025-10-23,Nose,9,2,206.0,,,25.1,177.15,30.0,0.0994127310626206,2291.5635,2245.103920029569,2088.176085101496,1.166666,219.0,4,,1.2,0.15,460.6942366928713,231.9729455617691,,co2data 23-10 (10).txt,,,2128.9784,,233.0809691335462,233.0809691335462,233.3357860779478,,
,0-0  0  (0)nose-251023-10-1_2mL-0_15incrmL.dat,2025-10-23,Nose,10,1,207.0,,,25.1,177.1,30.0,0.0994127310626206,2291.5635,2245.103920029569,2110.23309789306,0.0,219.0,4,,1.2,0.15,460.4452626176602,231.0601329741264,,co2data 23-10 (11).txt,,,2151.4664,,232.163723657151,232.163723657151,232.4177804278373,,
,0-0  0  (0)nose-251023-11-0_6mL-0_15incrmL.dat,2025-10-23,Nose,11,1,208.0,,,25.1,175.6,30.0,0.0994127310626206,2291.5635,2245.103920029569,2181.862874216442,0.0,114.0,4,,0.6,0.15,450.1786795766778,120.5042488561443,,co2data 23-10 (12).txt,,,2224.4958,,120.9041894982412,120.9041894982412,121.680058355975,,
,0-0  0  (0)nose-251023-12-0_15mL-0_15incrmL.dat,2025-10-23,Nose,12,1,209.0,,,25.1,,30.0,0.0994127310626206,2291.5635,2245.103920029569,2236.568836629648,0.0,0.0,4,,0.15,0.15,,,,co2data 23-10 (13).txt,,,2280.2707,,,,,,
,0-0  0  (0)nose-251023-13-0_0mL-0_15incrmL.dat,2025-10-23,Nose,13,2,211.0,,,25.1,,30.0,0.0994127310626206,2291.5635,2245.103920029569,2225.463825120128,0.0,0.0,4,,0.0,0.15,,,,co2data 23-10 (15).txt,,,2268.9487,,,,,,
,0-0  0  (0)nose-251023-14-0_15mL-0_15incrmL.dat,2025-10-23,Nose,14,2,213.0,,,25.1,,30.0,0.0994127310626206,2291.5635,2245.103920029569,2100.823263153713,86.0,0.0,4,,0.15,0.15,,,,co2data 23-10 (17).txt,,,2141.8727,,,,,,
,0-0  0  (0)nose-251023-15-0_15mL-0_15incrmL.dat,2025-10-23,Nose,15,2,214.0,,,25.1,,30.0,0.0994127310626206,2291.5635,2245.103920029569,2232.489544731742,0.0,0.0,4,,0.15,0.15,,,,co2data 23-10 (18).txt,,,2276.1117,,,,,,
,0-0  0  (0)nose-251023-16-0_0mL-0_15incrmL.dat,2025-10-27,Nose,16,2,215.0,,,25.1,,30.0,0.0994127310626206,2288.21053,2241.818928760184,2242.029634331401,0.0,0.0,4,,0.0,0.15,,,,co2data 23-10 (19).txt,,,2285.8382,,,,,,
,0-0  0  (0)nose-251027-01-4_2mL-0_15incrmL.dat,2025-10-27,Nose,1,1,229.0,,,25.1,174.05,30.0,0.0994127310626206,2288.21053,2241.818928760184,1683.458736919176,0.0,613.0,4,,4.2,0.15,633.0246487091835,2309.428434169681,,co2data 27-10 (3).txt,,,1716.353,,2322.916213909007,2322.916213909007,2316.579526143346,,
,0-0  0  (0)nose-251027-02-3_75mL-0_15incrmL.dat,2025-10-27,Nose,2,1,231.0,,,25.0,173.35,30.0,0.0994127310626206,2288.21053,2241.818928760184,1736.365355573274,0.0,560.0,4,,3.75,0.15,632.855116505439,2313.26494676189,,co2data 27-10 (5).txt,,,1770.3451,,2326.773847016402,2326.773847016402,2320.431227006369,,
,0-0  0  (0)nose-251027-03-3_3mL-0_15incrmL.dat,2025-10-27,Nose,3,1,232.0,,,25.0,173.55,30.0,0.0994127310626206,2288.21053,2241.818928760184,1796.884037233102,0.0,489.0,4,,3.3,0.15,632.9896487084786,2316.93856189907,,co2data 27-10 (6).txt,,,1832.0481,,2330.436533120588,2330.436533120588,2324.228946534773,,
,0-0  0  (0)nose-251027-04-2_85mL-0_15incrmL.dat,2025-10-27,Nose,4,2,233.0,,,25.0,173.3,30.0,0.0994127310626206,2288.21053,2241.818928760184,1818.807310462362,0.5,,4,,2.85,0.15,633.1167631126845,2316.50764939153,,co2data 27-10 (7).txt,,,1854.4004,,2329.929586462611,2329.929586462611,2324.001991229032,,
,0-0  0  (0)nose-251027-05-2_85mL-0_15incrmL.dat,2025-10-27,Nose,5,1,234.0,,,25.0,173.25,30.0,0.0994127310626206,2288.21053,2241.818928760184,1857.829663808519,0.0,434.0,4,,2.85,0.15,632.9574253431342,2317.879819030617,,co2data 27-10 (8).txt,,,1894.1864,,2331.307921034786,2331.307921034786,2325.381311187146,,
,0-0  0  (0)nose-251027-06-2_4mL-0_15incrmL.dat,2025-10-27,Nose,6,1,235.0,,,25.0,173.2,30.0,0.0994127310626206,2288.21053,2241.818928760184,1917.453457940247,0.0,370.0,4,,2.4,0.15,,,,co2data 27-10 (9).txt,,,1954.977,,,,,,
,0-0  0  (0)nose-251027-07-1_95mL-0_15incrmL.dat,2025-10-27,Nose,7,1,236.0,,,25.0,173.3,30.0,0.0994127310626206,2288.21053,2241.818928760184,1999.897080199784,0.0,300.0,4,,1.95,0.15,480.241590700791,604.1385957315364,,co2data 27-10 (10).txt,,,2039.034,,607.4821648510912,607.4821648510912,606.4857783647693,,
,0-0  0  (0)nose-251027-08-1_5mL-0_15incrmL.dat,2025-10-27,Nose,8,1,237.0,,,25.0,173.05,30.0,0.0994127310626206,2288.21053,2241.818928760184,2070.967470545297,0.0,248.0,4,,1.5,0.15,468.6276335656235,394.3337312951194,,co2data 27-10 (11).txt,,,2111.4952,,396.4359335301526,396.4359335301526,396.0748072587028,,
,0-0  0  (0)nose-251027-09-1_05mL-0_15incrmL.dat,2025-10-27,Nose,9,1,238.0,,,25.0,173.1,30.0,0.0994127310626206,2288.21053,2241.818928760184,2122.052856768339,0.0,197.0,4,,1.05,0.15,456.5408935692999,206.7936700669532,,co2data 27-10 (12).txt,,,2163.5803,,207.7406271352196,207.7406271352196,208.1187913661999,,
,0-0  0  (0)nose-251027-10-0_6mL-0_15incrmL.dat,2025-10-27,Nose,10,1,239.0,,,25.0,173.15,30.0,0.0994127310626206,2288.21053,2241.818928760184,2170.68652186688,0.166666666666,124.0,4,,0.6,0.15,449.1276645869,127.6417258849402,,co2data 27-10 (13).txt,,,2213.1657,,128.0750374466482,128.0750374466482,128.8614723125946,,
,0-0  0  (0)nose-251027-11-0_0mL-0_15incrmL.dat,2025-10-27,Nose,11,1,242.0,,,25.0,,30.0,0.0994127310626206,2288.21053,2241.818928760184,2222.112934387073,0.0,0.0,4,,0.0,0.15,,,,co2data 27-10 (16).txt,,,2265.5985,,,,,,
,0-0  0  (0)nose-251027-12-4_2mL-0_15incrmL.dat,2025-10-28,Nose,12,1,243.0,,,25.0,173.05,30.0,0.0994127310626206,2288.48195,2242.084845941171,1684.854397563249,0.0,601.0,4,1.0,4.2,0.15,632.9278206925246,2315.51306534936,,co2data 27-10 (17).txt,,,1717.8261,,2329.034508571605,2329.034508571605,2322.688289693727,2322.841,10.363
,0-0  0  (0)nose-251028-01-4_2mL-0_15incrmL.dat,2025-10-28,Nose,1,1,,,,24.7,172.3,30.0,0.0994127310626206,2288.48195,2242.084845941171,,,625.0,4,,4.2,0.15,632.7742013786296,2312.433446610356,,,,,,,2325.938836142803,2325.938836142803,2319.590456476027,,
,0-0  0  (0)nose-251028-02-4_2mL-0_15incrmL.dat,2025-10-28,Nose,2,1,248.0,,,24.8,171.9,30.0,0.0994127310626206,2288.48195,2242.084845941171,1648.484363343296,0.0,595.0,4,1.0,4.2,0.15,632.654201675043,2330.168975410972,,co2data 28-10 (4).txt,,,1680.8421,,2343.772374122413,2343.772374122413,2337.399428402896,2322.841,10.363
,0-0  0  (0)nose-251028-03-3_9mL-0_15incrmL.dat,2025-10-28,Nose,3,1,250.0,,,25.0,171.95,30.0,0.0994127310626206,2288.48195,2242.084845941171,1639.024661076431,0.0,536.0,4,,3.9,0.15,632.9429950339257,2319.533571208465,,co2data 28-10 (6).txt,,,1671.0995,,2333.077389263123,2333.077389263123,2326.725005591065,,
,0-0  0  (0)nose-251028-04-3_6mL-0_15incrmL.dat,2025-10-28,Nose,4,1,251.0,,,25.0,171.95,30.0,0.0994127310626206,2288.48195,2242.084845941171,1697.408323916476,0.0,503.0,4,,3.6,0.15,632.9574066137372,2314.207890897164,,co2data 28-10 (7).txt,,,1730.6257,,2327.714090324474,2327.714090324474,2321.409832030261,,
,0-0  0  (0)nose-251028-05-3_15mL-0_15incrmL.dat,2025-10-28,Nose,5,1,253.0,,,25.0,171.75,30.0,0.0994127310626206,2288.48195,2242.084845941171,1756.480022268317,0.0,500.0,4,,3.15,0.15,633.0921327834087,2320.893049972128,,co2data 28-10 (9).txt,,,1790.8534,,2334.394990372165,2334.394990372165,2328.251426831152,,
,0-0  0  (0)nose-251028-06-2_7mL-0_15incrmL.dat,2025-10-28,Nose,6,1,254.0,,,25.0,171.75,30.0,0.0994127310626206,2288.48195,2242.084845941171,1833.794616865149,0.0,434.0,4,,2.7,0.15,632.8239484202029,2315.110209619299,,co2data 28-10 (10).txt,,,1869.681,,2328.226854951474,2328.226854951474,2323.373597089022,,
,0-0  0  (0)nose-251028-07-2_25mL-0_15incrmL.dat,2025-10-28,Nose,7,1,255.0,,,25.0,171.8,30.0,0.0994127310626206,2288.48195,2242.084845941171,1907.804188989992,0.0,356.0,4,,2.25,0.15,,,,co2data 28-10 (11).txt,,,1945.1389,,,,,,
,0-0  0  (0)nose-251028-08-1_95mL-0_15incrmL.dat,2025-10-28,Nose,8,1,256.0,,,24.9,171.75,30.0,0.0994127310626206,2288.48195,2242.084845941171,1963.460026202018,0.0,303.0,4,,1.95,0.15,479.8805466750134,605.4124652970717,,co2data 28-10 (12).txt,,,2001.9422,,608.7629273437472,608.7629273437472,607.7648735931452,,
,0-0  0  (0)nose-251028-09-1_65mL-0_15incrmL.dat,2025-10-28,Nose,9,1,257.0,,,25.0,171.6,30.0,0.0994127310626206,2288.48195,2242.084845941171,2017.013226343632,0.0,266.0,4,,1.65,0.15,468.3430004014894,395.430472344779,,co2data 28-10 (13).txt,,,2056.4851,,397.5382149539446,397.5382149539446,397.1768408905521,,
,0-0  0  (0)nose-251028-10-1_35mL-0_15incrmL.dat,2025-10-28,Nose,10,1,258.0,,,25.0,171.7,30.0,0.0994127310626206,2288.48195,2242.084845941171,2061.43491752648,0.0,236.0,4,,1.35,0.15,464.495655024399,337.6458267163661,,co2data 28-10 (14).txt,,,2101.7761,,339.4230453666229,339.4230453666229,339.1945172814936,,
,0-0  0  (0)nose-251028-11-0_9mL-0_15incrmL.dat,2025-10-28,Nose,11,1,259.0,,,25.1,171.6,30.0,0.0994127310626206,2288.48195,2242.084845941171,2122.8382962162,0.0,178.0,4,,0.9,0.15,453.9132329059105,180.8322431224535,,co2data 28-10 (15).txt,,,2164.3179,,181.6129806776368,181.6129806776368,182.1178452063689,,
,0-0  0  (0)nose-251028-12-0_75mL-0_15incrmL.dat,2025-10-29,Nose,12,1,,,,25.0,171.45,30.0,0.0994127310626206,2275.0762,2228.950886582883,,0.0,160.0,4,,0.75,0.15,451.2584130880655,156.9810041802711,,,,,,,157.6064167575039,157.6064167575039,158.2363050854107,,
,0-0  0  (0)junk_old-251029-01-4_2mL-0_15incrmL.dat,2025-10-29,Junk_old,1,,,,,24.7,170.4,36.0,0.0994127310626206,2277.91893,2221.803241187168,,,651.0,4,,4.2,0.15,633.2280956385748,2303.405340130683,,,,,,,2326.384020196097,2326.384020196097,2320.03278328037,,
,0-0  0  (0)junk_old-251029-02-4_2mL-0_15incrmL.dat,2025-10-29,Junk_old,2,,,,,25.0,170.1,36.0,0.0994127310626206,2277.91893,2221.803241187168,,,603.0,4,1.0,4.2,0.15,633.4000177679509,2317.412901638651,,,,,,,2340.491555876876,2340.491555876876,2334.125860306126,2319.077,2.154
,0-0  0  (0)junk_old-251029-03-4_2mL-0_15incrmL.dat,2025-10-29,Junk_old,3,,262.0,,,25.0,170.1,36.0,0.0994127310626206,2277.91893,2221.803241187168,1627.248074974648,0.0,605.0,4,1.0,4.2,0.15,633.4036175241314,2318.226291624173,,co2data 29-10 (3).txt,,,1666.4632,,2341.31186181526,2341.31186181526,2334.94463690461,2319.077,2.154
,0-0  0  (0)junk_old-251029-04-4_2mL-0_15incrmL.dat,2025-10-29,Junk_old,4,,263.0,,,25.1,169.8,36.0,0.0994127310626206,2277.91893,2221.803241187168,1642.571102457194,0.0,576.0,4,1.0,4.2,0.15,633.450227929196,2317.848013256718,,co2data 29-10 (4).txt,,,1682.1053,,2340.927069273149,2340.927069273149,2334.562584857976,2319.077,2.154
,0-0  0  (0)junk_old-251029-05-4_2mL-0_15incrmL.dat,2025-10-29,Junk_old,5,,264.0,,,25.1,169.8,36.0,0.0994127310626206,2277.91893,2221.803241187168,426.4318319524855,45.0,,4,1.0,4.2,0.15,633.3971080471537,2319.141535342247,,co2data 29-10 (5).txt,,,436.6954,,2342.230478967424,2342.230478967424,2335.864269698101,2319.077,2.154
,0-0  0  (0)junk_old-251029-06-4_2mL-0_15incrmL.dat,2025-10-29,Junk_old,6,,266.0,,,25.1,169.4,36.0,0.0994127310626206,2277.91893,2221.803241187168,1202.624744663914,10.0,591.0,4,1.0,4.2,0.15,633.2628887943808,2322.757174987525,,co2data 29-10 (7).txt,,,1231.5701,,2345.873760949725,2345.873760949725,2339.50267697838,2319.077,2.154
,0-0  0  (0)nose-251029-07-4_2mL-0_15incrmL.dat,2025-10-29,Nose,7,1,268.0,,,25.1,171.3,30.0,0.0994127310626206,2275.0762,2228.950886582883,1656.224289597128,0.0,577.0,4,1.0,4.2,0.15,632.5265008835449,2316.303983870215,,co2data 29-10 (9).txt,,,1688.5864,,2329.830600823336,2329.830600823336,2323.481290860352,2316.304,
,0-0  0  (0)nose-251029-08-0_75mL-0_15incrmL.dat,2025-10-29,Nose,8,1,269.0,,,25.1,171.25,30.0,0.0994127310626206,2275.0762,2228.950886582883,2142.650276253467,0.0,136.0,4,,0.75,0.15,451.021297061698,155.6291687983923,,co2data 29-10 (10).txt,,,2184.517,,156.2477491560901,156.2477491560901,156.8775558066395,,
,0-0  0  (0)nose-251029-09-0_0mL-0_15incrmL.dat,2025-10-29,Nose,9,1,270.0,,,25.1,,30.0,0.0994127310626206,2275.0762,2228.950886582883,2209.817352358941,0.0,,4,,0.0,0.15,,,,co2data 29-10 (11).txt,,,2252.9965,,,,,,
Nuts for Karel,0-0  0  (0)nuts-251029-10-4_2mL-0_15incrmL.dat,2025-10-29,Nuts,10,,273.0,,,25.1,157.6,30.0,0.0994127310626206,2136.5814,2093.263955636518,1531.436406245028,0.0,667.0,4,1.0,4.2,0.15,633.0915772993334,2309.579395712658,,co2data 29-10 (14).txt,,,1561.3602,,2323.077101485004,2323.077101485004,2316.707978909519,2309.622,0.378
,0-0  0  (0)nuts-251029-11-4_2mL-0_15incrmL.dat,2025-10-29,Nuts,11,,,,,25.1,157.7,30.0,0.0994127310626206,2136.5814,2093.263955636518,,,671.0,4,1.0,4.2,0.15,633.0492126029492,2309.267685024699,,,,,,,2322.763541739836,2322.763541739836,2316.395346129741,2309.622,0.378
,0-0  0  (0)nuts-251029-12-4_2mL-0_15incrmL.dat,2025-10-29,Nuts,12,,277.0,,,25.1,157.7,30.0,0.0994127310626206,2136.5814,2093.263955636518,1549.509856614337,0.0,664.0,4,1.0,4.2,0.15,633.009955909552,2310.0197912519,,co2data 29-10 (18).txt,,,1579.7868,,2323.519930857054,2323.519930857054,2317.149984125553,2309.622,0.378
,0-0  0  (0)junk_old-251029-13-4_2mL-0_15incrmL.dat,2025-10-30,Junk_old,13,,,,,25.1,169.05,36.0,0.0994127310626206,2277.01187,2220.918526274179,,,609.0,4,1.0,4.2,0.15,632.8788419811023,2318.70635693424,,,,,,,2341.790269265923,2341.790269265923,2335.425709277991,2318.806,0.753
,0-0  0  (0)junk_old-251030-01-4_2mL-0_15incrmL.dat,2025-10-30,Junk_old,1,,,,,24.8,168.6,36.0,0.0994127310626206,2277.01187,2220.918526274179,,,584.0,4,,4.2,0.15,632.5743495093798,2314.232952273087,,,,,,,2337.294328082904,2337.294328082904,2330.928674313465,,
,0-0  0  (0)junk_old-251030-02-4_2mL-0_15incrmL.dat,2025-10-30,Junk_old,2,1,282.0,,,24.9,169.2,36.0,0.0994127310626206,2277.01187,2220.918526274179,1636.15251142389,0.0,592.0,4,1.0,4.2,0.15,632.7357964374866,2318.151785014603,,co2data 30-10 (3).txt,,,1675.6321,,2341.239470945173,2341.239470945173,2334.870772305576,2318.806,0.753
,0-0  0  (0)junk_old-251030-03-4_2mL-0_15incrmL.dat,2025-10-30,Junk_old,3,1,284.0,,,25.0,169.0,36.0,0.0994127310626206,2277.01187,2220.918526274179,1642.235101933495,0.0,587.0,4,1.0,4.2,0.15,632.7617916329809,2318.483451817269,,co2data 30-10 (5).txt,,,1681.8114,,2341.570695544227,2341.570695544227,2335.203346884884,2318.806,0.753
,0-0  0  (0)junk_old-251030-04-2_25mL-0_15incrmL.dat,2025-10-30,Junk_old,4,1,285.0,,,24.9,169.05,36.0,0.0994127310626206,2277.01187,2220.918526274179,1903.7877981579,0.0,339.0,4,,2.25,0.15,,,,co2data 30-10 (6).txt,,,1949.7253,,,,,,
,0-0  0  (0)junk_old-251030-05-3_6mL-0_15incrmL.dat,2025-10-30,Junk_old,5,1,286.0,,,25.0,169.05,36.0,0.0994127310626206,2277.01187,2220.918526274179,1727.00366060065,0.0,505.0,4,,3.6,0.15,632.8431791558456,2320.589143559756,,co2data 30-10 (7).txt,,,1768.6228,,2343.625560328844,2343.625560328844,2337.297339793834,,
,0-0  0  (0)junk_old-251030-06-3_0mL-0_15incrmL.dat,2025-10-30,Junk_old,6,1,287.0,,,25.0,169.05,36.0,0.0994127310626206,2277.01187,2220.918526274179,1808.879335016343,0.0,421.0,4,,3.0,0.15,632.9878935588798,2322.489904366414,,co2data 30-10 (8).txt,,,1852.4716,,2345.086002420275,2345.086002420275,2339.026849890076,,
,0-0  0  (0)junk_old-251030-07-2_4mL-0_15incrmL.dat,2025-10-30,Junk_old,7,1,288.0,,,25.0,169.05,36.0,0.0994127310626206,2277.01187,2220.918526274179,1892.522026019306,0.0,354.0,4,,2.4,0.15,,,,co2data 30-10 (9).txt,,,1938.13,,,,,,
,0-0  0  (0)junk_old-251030-08-1_95mL-0_15incrmL.dat,2025-10-30,Junk_old,8,1,289.0,,,25.1,169.1,36.0,0.0994127310626206,2277.01187,2220.918526274179,1970.090506669093,0.0,300.0,4,,1.95,0.15,479.0724798270609,599.8503584279074,,co2data 30-10 (10).txt,,,2017.5076,,604.6759790337227,604.6759790337227,603.686583193247,,
,0-0  0  (0)junk_old-251030-09-0_0mL-0_15incrmL.dat,2025-10-30,Junk_old,9,1,290.0,,,25.1,,36.0,0.0994127310626206,2277.01187,2220.918526274179,2208.729722344049,0.0,0.0,4,,0.0,0.15,,,,co2data 30-10 (11).txt,,,2261.8905,,,,,,
,0-0  0  (0)junk_old-251030-10-1_65mL-0_15incrmL.dat,2025-10-30,Junk_old,10,1,292.0,,,25.1,169.0,36.0,0.0994127310626206,2277.01187,2220.918526274179,2014.436759557394,0.0,268.0,4,,1.65,0.15,467.5284392690511,394.6165401621311,,co2data 30-10 (13).txt,,,2062.9212,,397.2851324111811,397.2851324111811,396.9259015431071,,
,0-0  0  (0)junk_old-251030-11-1_2mL-0_15incrmL.dat,2025-10-30,Junk_old,11,1,293.0,,,25.1,168.9,36.0,0.0994127310626206,2277.01187,2220.918526274179,2084.025660163847,0.0,201.0,4,,1.2,0.15,460.8251094604238,296.5279594123064,,co2data 30-10 (14).txt,,,2134.185,,298.2450592388547,298.2450592388547,298.1428528920106,,
,0-0  0  (0)junk_old-251030-12-1_2mL-0_15incrmL.dat,2025-10-30,Junk_old,12,1,294.0,,,25.1,168.8,36.0,0.0994127310626206,2277.01187,2220.918526274179,2083.549520132924,0.0,203.0,4,,1.2,0.15,460.7847450799599,295.8624488289615,,co2data 30-10 (15).txt,,,2133.6974,,297.5773402014722,297.5773402014722,297.4743624248254,,
,0-0  0  (0)junk_old-251030-13-4_2mL-0_15incrmL.dat,2025-10-30,Junk_old,13,1,295.0,,,25.1,168.8,36.0,0.0994127310626206,2277.01187,2220.918526274179,1659.961540953321,0.0,585.0,4,1.0,4.2,0.15,632.7761317803452,2319.882785646972,,co2data 30-10 (16).txt,,,1699.9143,,2342.975672042624,2342.975672042624,2336.609540548911,2318.806,0.753
,0-0  0  (0)junk_old-251030-14-1_65mL-0_15incrmL.dat,2025-10-30,Junk_old,14,1,296.0,,,25.1,169.1,36.0,0.0994127310626206,2277.01187,2220.918526274179,2025.04278851118,0.0,274.0,4,,1.65,0.15,467.75005159544,395.9270798663622,,co2data 30-10 (17).txt,,,2073.7825,,398.6004217568531,398.6004217568531,398.2424553834796,,
,0-0  0  (0)junk_old-251030-15-1_05mL-0_15incrmL.dat,2025-10-30,Junk_old,15,1,297.0,,,25.1,168.85,36.0,0.0994127310626206,2277.01187,2220.918526274179,2111.398731806253,0.0,183.0,4,,1.05,0.15,458.3936547657337,260.5489528786791,,co2data 30-10 (18).txt,,,2162.2169,,261.873987430661,261.873987430661,261.891226156837,,
,0-0  0  (0)junk_old-251030-16-0_9mL-0_15incrmL.dat,2025-10-30,Junk_old,16,1,298.0,,,25.1,168.8,36.0,0.0994127310626206,2277.01187,2220.918526274179,2126.143644109236,0.0,171.0,4,,0.9,0.15,453.6876134597562,191.4016767854604,,co2data 30-10 (19).txt,,,2177.3167,,191.5025266160636,191.5025266160636,192.020532958083,,
,0-0  0  (0)junk_old-251030-17-0_75mL-0_15incrmL.dat,2025-10-30,Junk_old,17,1,299.0,,,25.1,168.85,36.0,0.0994127310626206,2277.01187,2220.918526274179,2140.917948977705,0.0,140.0,4,,0.75,0.15,451.2712138003005,166.5369005081286,,co2data 30-10 (20).txt,,,2192.4466,,166.2743557255961,166.2743557255961,166.9281073748567,,
,0-0  0  (0)junk_old-251030-18-0_6mL-0_15incrmL.dat,2025-10-30,Junk_old,18,1,301.0,,,25.1,168.85,36.0,0.0994127310626206,2277.01187,2220.918526274179,2157.801097182477,0.0,127.0,4,,0.6,0.15,449.0286141902951,148.3307615178482,,co2data 30-10 (22).txt,,,2209.7361,,147.6597273693362,147.6597273693362,148.4947902247032,,
,0-0  0  (0)junk_old-251030-19-0_45mL-0_15incrmL.dat,2025-10-30,Junk_old,19,1,302.0,,,25.0,168.95,36.0,0.0994127310626206,2277.01187,2220.918526274179,2171.352185385914,0.0,92.0,4,,0.45,0.15,444.1356828095857,107.4977841043642,,co2data 30-10 (23).txt,,,2223.6797,,104.0215357302699,104.0215357302699,106.3395392991725,,
,0-0  0  (0)junk_old-251030-20-0_3mL-0_15incrmL.dat,2025-10-30,Junk_old,20,1,303.0,,,25.2,168.9,36.0,0.0994127310626206,2277.01187,2220.918526274179,2184.320146465373,0.0,57.0,4,,0.3,0.15,410.1302282406378,-146.8005484800752,,co2data 30-10 (24).txt,,,2236.8265,,-143.0517175750369,-143.0517175750369,-145.8664471393416,,
,0-0  0  (0)junk_old-251030-21-0_15mL-0_15incrmL.dat,2025-10-30,Junk_old,21,1,304.0,,,25.1,,36.0,0.0994127310626206,2277.01187,2220.918526274179,2196.071193941949,0.0,0.0,4,,0.15,0.15,,,,co2data 30-10 (25).txt,,,2248.9273,,,,,,
,0-0  0  (0)junk_old-251030-22-0_0mL-0_15incrmL.dat,2025-10-30,Junk_old,22,1,305.0,,,25.1,,36.0,0.0994127310626206,2277.01187,2220.918526274179,2203.185659535258,0.0,0.0,4,,0.0,0.15,,,,co2data 30-10 (26).txt,,,2256.213,,,,,,
,0-0  0  (0)junk_old-251030-23-4_2mL-0_15incrmL.dat,2025-10-30,Junk_old,23,,307.0,"messy measurement, acid tube not in properly",not_good,25.1,168.9,36.0,0.0994127310626206,2277.01187,2220.918526274179,1684.8624146542,0.0,596.0,4,,4.2,0.15,633.1339634075994,2321.267139017995,,co2data 30-10 (28).txt,,,1725.4145,,2344.372387972845,2344.372387972845,2338.003306988373,,
,0-0  0  (0)junk_old-251103-01-4_2mL-0_15incrmL.dat,2025-11-03,Junk_old,1,,,,,24.8,168.05,36.0,0.0994127310626206,2263.9175,2208.146731227328,,,603.0,4,,4.2,0.15,633.6307505138972,2259.934690655305,,,,,,,,,,,
,0-0  0  (0)junk_old-251103-02-4_2mL-0_15incrmL.dat,2025-11-03,Junk_old,2,,,,,25.1,167.9,36.0,0.0994127310626206,2263.9175,2208.146731227328,,,,4,1.0,4.2,0.15,633.6216018817646,2302.106487749775,,,,,,,,,,2308.647,9.25
,0-0  0  (0)junk_old-251103-03-4_2mL-0_15incrmL.dat,2025-11-03,Junk_old,3,1,313.0,,,25.2,167.9,36.0,0.0994127310626206,2263.9175,2208.146731227328,1648.281071743037,0.0,649.0,4,1.0,4.2,0.15,633.7193080909304,2315.187997427632,,co2data 03-11 (6).txt,,,1687.9022,,,,,2308.647,9.25
,0-0  0  (0)junk_old-251103-04-3_0mL-3_0incrmL.dat,2025-11-03,Junk_old,4,1,315.0,,,24.9,,36.0,0.0994127310626206,2263.9175,2208.146731227328,504.4258422866523,52.0,37.0,4,,3.0,3.0,,,,co2data 03-11 (8).txt,,,516.5974,,,,,,
,0-0  0  (0)junk_old-251103-05-3_0mL-3_0incrmL.dat,2025-11-03,Junk_old,5,1,316.0,,,24.9,,36.0,0.0994127310626206,2263.9175,2208.146731227328,1997.804226085277,0.0,37.0,4,,3.0,3.0,,,,co2data 03-11 (9).txt,,,2046.0103,,,,,,
,0-0  0  (0)junk_old-251103-06-3_0mL-3_0incrmL.dat,2025-11-03,Junk_old,6,1,317.0,,,24.9,,36.0,0.0994127310626206,2263.9175,2208.146731227328,1515.523629463284,10.0,37.0,4,,3.0,3.0,,,,co2data 03-11 (10).txt,,,1552.0925,,,,,,
,0-0  0  (0)junk_old-251103-07-3_0mL-3_0incrmL.dat,2025-11-03,Junk_old,7,1,318.0,,,25.0,,36.0,0.0994127310626206,2263.9175,2208.146731227328,1796.630031535462,4.0,37.0,4,,3.0,3.0,,,,co2data 03-11 (11).txt,,,1839.9271,,,,,,
,0-0  0  (0)junk_old-251103-08-3_0mL-3_0incrmL.dat,2025-11-03,Junk_old,8,1,319.0,,,25.0,,36.0,0.0994127310626206,2263.9175,2208.146731227328,1741.377367975907,5.5,37.0,4,,3.0,3.0,,,,co2data 03-11 (12).txt,,,1783.3429,,,,,,
,0-0  0  (0)junk_old-251103-09-3_0mL-3_0incrmL.dat,2025-11-03,Junk_old,9,1,320.0,,,25.2,,36.0,0.0994127310626206,2263.9175,2208.146731227328,811.1226576371089,32.0,37.0,4,,3.0,3.0,,,,co2data 03-11 (13).txt,,,830.6203,,,,,,
,0-0  0  (0)junk_old-251103-10-3_0mL-3_0incrmL.dat,2025-11-03,Junk_old,10,1,321.0,,,25.2,,36.0,0.0994127310626206,2263.9175,2208.146731227328,1137.758143788037,22.0,37.0,4,,3.0,3.0,,,,co2data 03-11 (14).txt,,,1165.1074,,,,,,
,0-0  0  (0)junk_old-251103-11-3_0mL-3_0incrmL.dat,2025-11-03,Junk_old,11,1,322.0,,,25.2,,36.0,0.0994127310626206,2263.9175,2208.146731227328,1955.651449619586,1.0,37.0,4,,3.0,3.0,,,,co2data 03-11 (15).txt,,,2002.6611,,,,,,
,0-0  0  (0)junk_old-251103-12-3_0mL-3_0incrmL.dat,2025-11-03,Junk_old,12,1,323.0,,,25.2,,36.0,0.0994127310626206,2263.9175,2208.146731227328,1904.828523346703,2.0,37.0,4,,3.0,3.0,,,,co2data 03-11 (16).txt,,,1950.6165,,,,,,
,0-0  0  (0)junk_old-251103-13-3_0mL-3_0incrmL.dat,2025-11-03,Junk_old,13,1,324.0,,,25.2,,36.0,0.0994127310626206,2263.9175,2208.146731227328,1931.553609806646,1.5,37.0,4,,3.0,3.0,,,,co2data 03-11 (17).txt,,,1977.984,,,,,,
,0-0  0  (0)junk_old-251103-14-3_0mL-3_0incrmL.dat,2025-11-03,Junk_old,14,1,325.0,,,25.2,,36.0,0.0994127310626206,2263.9175,2208.146731227328,2009.907842741585,0.0,37.0,4,,3.0,3.0,,,,co2data 03-11 (18).txt,,,2058.2217,,,,,,
,0-0  0  (0)junk_old-251104-01-4_2mL-0_15incrmL.dat,2025-11-04,Junk_old,1,1,,,,25.2,168.25,36.0,0.0994127310626206,2249.61052,2194.192198378522,,,610.0,4,1.0,4.2,0.15,634.0915756127856,2324.143787574412,,,,,,,,,,2321.785,3.335
,0-0  0  (0)junk_old-251104-02-1_65mL-1_65incrmL.dat,2025-11-04,Junk_old,2,1,331.0,,,25.2,,36.0,0.0994127310626206,2249.61052,2194.192198378522,891.4475208625811,65.0,20.0,4,,1.65,1.65,,,,co2data 04-11 (6).txt,,,912.876,,,,,,
,0-0  0  (0)junk_old-251104-03-1_65mL-1_65incrmL.dat,2025-11-04,Junk_old,3,1,332.0,,,25.2,,36.0,0.0994127310626206,2249.61052,2194.192198378522,1147.096861129179,38.0,20.0,4,,1.65,1.65,,,,co2data 04-11 (7).txt,,,1174.6706,,,,,,
,0-0  0  (0)junk_old-251104-04-4_2mL-4_2incrmL.dat,2025-11-04,Junk_old,4,1,333.0,,,25.2,,36.0,0.0994127310626206,2249.61052,2194.192198378522,271.1046284143728,76.0,50.0,4,,4.2,4.2,,,,co2data 04-11 (8).txt,,,277.6214,,,,,,
,0-0  0  (0)junk_old-251104-05-1_65mL-1_65incrmL.dat,2025-11-04,Junk_old,5,1,334.0,,,25.2,,36.0,0.0994127310626206,2249.61052,2194.192198378522,1544.634707198665,15.0,20.0,4,,1.65,1.65,,,,co2data 04-11 (9).txt,,,1581.7644,,,,,,
,0-0  0  (0)junk_old-251104-06-1_65mL-1_65incrmL.dat,2025-11-04,Junk_old,6,1,335.0,,,25.1,,36.0,0.0994127310626206,2249.61052,2194.192198378522,2054.705160171011,0.16666,20.0,4,,1.65,1.65,,,,co2data 04-11 (10).txt,,,2104.1588,,,,,,
,0-0  0  (0)junk_old-251104-07-1_65mL-1_65incrmL.dat,2025-11-04,Junk_old,7,1,336.0,,,25.0,,36.0,0.0994127310626206,2249.61052,2194.192198378522,2054.107275770486,0.0,20.0,4,,1.65,1.65,,,,co2data 04-11 (11).txt,,,2103.6093,,,,,,
,0-0  0  (0)junk_old-251104-08-1_65mL-1_65incrmL.dat,2025-11-04,Junk_old,8,1,337.0,,,25.0,,36.0,0.0994127310626206,2249.61052,2194.192198378522,1973.36596429104,2.0,20.0,4,,1.65,1.65,,,,co2data 04-11 (12).txt,,,2020.9222,,,,,,
,0-0  0  (0)junk_old-251104-09-1_65mL-1_65incrmL.dat,2025-11-04,Junk_old,9,1,339.0,,,25.2,,36.0,0.0994127310626206,2249.61052,2194.192198378522,1878.822648585956,5.0,20.0,4,,1.65,1.65,,,,co2data 04-11 (14).txt,,,1923.9855,,,,,,
,0-0  0  (0)junk_old-251104-10-4_2mL-0_15incrmL.dat,2025-11-04,Junk_old,10,1,,,,25.2,167.45,36.0,0.0994127310626206,2249.61052,2194.192198378522,,,615.0,4,1.0,4.2,0.15,634.5233445250219,2319.42677468292,,,,,,,,,,2321.785,3.335
,0-0  0  (0)junk_old-251105-01-4_2mL-0_15incrmL.dat,2025-11-05,Junk_old,1,1,,,,25.2,166.7,36.0,0.0994127310626206,2245.0459,2189.740026100913,,,661.0,4,,4.2,0.15,634.4040264319048,2315.677550863741,,,,,,,,,,,
,0-0  0  (0)junk_old-251105-02-4_2mL-0_15incrmL.dat,2025-11-05,Junk_old,2,1,346.0,,,25.2,166.3,36.0,0.0994127310626206,2245.0459,2189.740026100913,1634.056792784681,0.0,626.0,4,1.0,4.2,0.15,634.3471921105692,2316.902999413762,,co2data 05-11 (5).txt,,,1673.336,,,,,2319.172,1.654
,0-0  0  (0)junk_old-251105-03-4_2mL-0_15incrmL.dat,2025-11-05,Junk_old,3,1,348.0,,,25.2,166.2,36.0,0.0994127310626206,2245.0459,2189.740026100913,1646.405652777245,0.0,638.0,4,1.0,4.2,0.15,634.3264322962405,2317.655694950972,,co2data 05-11 (7).txt,,,1685.9817,,,,,2319.172,1.654
,0-0  0  (0)junk_old-251105-04-4_2mL-0_15incrmL.dat,2025-11-05,Junk_old,4,1,350.0,,,25.2,165.95,36.0,0.0994127310626206,2245.0459,2189.740026100913,937.5026546030072,22.0,,4,1.0,4.2,0.15,634.3783817764527,2319.814003153688,,co2data 05-11 (9).txt,,,960.0382,,,,,2319.172,1.654
,0-0  0  (0)junk_old-251105-05-4_2mL-0_15incrmL.dat,2025-11-05,Junk_old,5,1,351.0,,,25.2,165.8,36.0,0.0994127310626206,2245.0459,2189.740026100913,1203.73500215931,11.0,,4,1.0,4.2,0.15,634.2879876980423,2320.310367568018,,co2data 05-11 (10).txt,,,1232.6702,,,,,2319.172,1.654
,0-0  0  (0)junk_old-251105-06-4_2mL-0_15incrmL.dat,2025-11-05,Junk_old,6,1,353.0,,,25.2,165.55,36.0,0.0994127310626206,2245.0459,2189.740026100913,1426.978606547685,5.33333,620.0,4,1.0,4.2,0.15,634.2733988291337,2319.055921476059,,co2data 05-11 (12).txt,,,1461.2801,,,,,2319.172,1.654
,0-0  0  (0)junk_old-251105-07-4_2mL-0_15incrmL.dat,2025-11-05,Junk_old,7,1,354.0,,,25.2,165.1,36.0,0.0994127310626206,2245.0459,2189.740026100913,1594.921422821136,2.0,,4,1.0,4.2,0.15,634.2307504167972,2321.2948283703,,co2data 05-11 (13).txt,,,1633.2599,,,,,2319.172,1.654
,0-0  0  (0)junk_old_2-251107-01-4_2mL-0_15incrmL.dat,2025-11-07,Junk_old_2,1,1,358.0,,,25.2,172.45,34.0,0.0994127310626206,2273.1214,2220.421546431846,1664.720528456932,0.0,602.0,4,,4.2,0.15,635.2890136030201,2319.455258261773,,co2data 07-11 (4).txt,,,1702.2214,,,,,,
,0-0  0  (0)junk_old_2-251107-02-4_2mL-0_15incrmL.dat,2025-11-07,Junk_old_2,2,1,359.0,,,25.2,171.5,34.0,0.0994127310626206,2273.1214,2220.421546431846,1651.516865098717,0.0,603.0,4,1.0,4.2,0.15,636.9423987391191,2321.814136643638,,co2data 07-11 (5).txt,,,1688.7203,,,,,2319.187,2.532
,0-0  0  (0)junk_old_2-251107-03-4_2mL-0_15incrmL.dat,2025-11-07,Junk_old_2,3,1,360.0,,,25.2,172.35,34.0,0.0994127310626206,2273.1214,2220.421546431846,1086.059720438681,14.0,,4,1.0,4.2,0.15,635.278050327622,2315.726747033244,,co2data 07-11 (6).txt,,,1110.5252,,,,,2319.187,2.532
,0-0  0  (0)junk_old_2-251107-04-4_2mL-0_15incrmL.dat,2025-11-07,Junk_old_2,4,1,361.0,,,25.2,172.15,34.0,0.0994127310626206,2273.1214,2220.421546431846,1661.263308649833,0.0,609.0,4,1.0,4.2,0.15,635.3209046241709,2319.548555614286,,co2data 07-11 (7).txt,,,1698.6863,,,,,2319.187,2.532
,0-0  0  (0)junk_old_2-251107-05-4_2mL-0_15incrmL.dat,2025-11-07,Junk_old_2,5,1,362.0,,,25.2,173.15,34.0,0.0994127310626206,2273.1214,2220.421546431846,1654.533998652756,1.0,611.0,4,1.0,4.2,0.15,636.5839755019591,2319.660283645063,,co2data 07-11 (8).txt,,,1691.8054,,,,,2319.187,2.532
,0-0  0  (0)junk_old_2-251107-06-2_55mL0_15incrmL.dat,2025-11-07,Junk_old_2,6,1,363.0,messed up file name 0_15 ml incr not automatically imported,,25.2,,34.0,0.0994127310626206,2273.1214,2220.421546431846,1859.404418131717,0.0,394.0,4,,2.55,0.15,611.8881436963933,2144.656048173905,,co2data 07-11 (9).txt,,,1901.2909,,,,,,
,0-0  0  (0)junk_old_2-251107-07-2_7mL0_15incrmL.dat,2025-11-07,Junk_old_2,7,1,364.0,,,25.2,,34.0,0.0994127310626206,2273.1214,2220.421546431846,1836.790145931943,0.16666,,4,,2.7,0.15,636.1490913993705,2323.000693514073,,co2data 07-11 (10).txt,,,1878.1672,,,,,,
,0-0  0  (0)junk_old_2-251107-08-2_7mL0_15incrmL.dat,2025-11-07,Junk_old_2,8,1,366.0,,,25.2,,34.0,0.0994127310626206,2273.1214,2220.421546431846,1036.226504674888,18.0,417.0,4,,2.7,0.15,635.8662672881558,2320.815216033977,,co2data 07-11 (12).txt,,,1059.5694,,,,,,
,0-0  0  (0)junk_old_2-251107-09-2_7mL0_15incrmL.dat,2025-11-07,Junk_old_2,9,1,368.0,,,25.2,,34.0,0.0994127310626206,2273.1214,2220.421546431846,1846.472336890113,0.0,421.0,4,,2.7,0.15,635.6817066993566,2325.166905619729,,co2data 07-11 (14).txt,,,1888.0675,,,,,,
,0-0  0  (0)junk_old_2-251107-10-4_2mL0_15incrmL.dat,2025-11-07,Junk_old_2,10,1,369.0,,,25.2,,34.0,0.0994127310626206,2273.1214,2220.421546431846,745.7988189414648,27.0,,4,,4.2,0.15,635.4284591070592,2321.79623254477,,co2data 07-11 (15).txt,,,762.5993,,,,,,
,0-0  0  (0)junk_old_2-251110-01-4_2mL-0_15incrmL.dat,2025-11-10,Junk_old_2,1,,,BOBOMETER UNSTABLE,,25.2,171.8,34.0,0.0994127310626206,,,,,,4,1.0,4.2,0.15,634.811184442268,2303.682265705157,,,,,,,,,,2307.061,1.98
,0-0  0  (0)junk_old_2-251110-02-4_2mL-0_15incrmL.dat,2025-11-10,Junk_old_2,2,,,BOBOMETER UNSTABLE,,25.2,171.3,34.0,0.0994127310626206,,,,,,4,1.0,4.2,0.15,634.8907951386942,2306.498710139534,,,,,,,,,,2307.061,1.98
,0-0  0  (0)junk_old_2-251110-03-4_2mL-0_15incrmL.dat,2025-11-10,Junk_old_2,3,,,BOBOMETER UNSTABLE,,25.2,171.1,34.0,0.0994127310626206,,,,,,4,1.0,4.2,0.15,634.8028659994001,2307.088582555958,,,,,,,,,,2307.061,1.98
,0-0  0  (0)junk_old_2-251110-04-4_2mL-0_15incrmL.dat,2025-11-10,Junk_old_2,4,,,BOBOMETER UNSTABLE,,25.2,171.1,34.0,0.0994127310626206,,,,,,4,1.0,4.2,0.15,634.9054586174666,2306.709718131012,,,,,,,,,,2307.061,1.98
,0-0  0  (0)junk_old_2-251110-05-4_2mL-0_15incrmL.dat,2025-11-10,Junk_old_2,5,,,BOBOMETER UNSTABLE,,25.2,171.1,34.0,0.0994127310626206,,,,,,4,1.0,4.2,0.15,634.8576405336931,2306.226142309558,,,,,,,,,,2307.061,1.98
,0-0  0  (0)CRM-251110-06-4_2mL-0_15incrmL.dat,2025-11-10,Crm,6,Batch #219,,BOBOMETER UNSTABLE,,25.2,167.6,32.71,0.0994127310626206,2061.4468,2015.586302269316,,,,4,,4.2,0.15,635.2191782802097,2145.586658767281,,,,,,,,,,,
,0-0  0  (0)junk_old_2-251110-07-4_2mL-0_15incrmL.dat,2025-11-10,Junk_old_2,7,,,BOBOMETER UNSTABLE,,25.2,171.2,34.0,0.0994127310626206,,,,,,4,1.0,4.2,0.15,634.9284780087087,2307.8152703025,,,,,,,,,,2307.061,1.98
,0-0  0  (0)junk_old_2-251110-08-4_2mL-0_15incrmL.dat,2025-11-10,Junk_old_2,8,,,BOBOMETER UNSTABLE,,25.2,171.15,34.0,0.0994127310626206,,,,,,4,1.0,4.2,0.15,634.9925612833734,2307.606192902603,,,,,,,,,,2307.061,1.98
,0-0  0  (0)junk_old_2-251110-09-4_05mL-0_15incrmL.dat,2025-11-10,Junk_old_2,9,,,BOBOMETER UNSTABLE,,25.2,171.15,34.0,0.0994127310626206,,,,,,4,,4.05,0.15,634.9609503187213,2309.502235069924,,,,,,,,,,,
,0-0  0  (0)junk_old_2-251110-10-3_9mL-0_15incrmL.dat,2025-11-10,Junk_old_2,10,,,BOBOMETER UNSTABLE,,25.2,171.2,34.0,0.0994127310626206,,,,,,4,,3.9,0.15,634.9989941078071,2307.684772992895,,,,,,,,,,,
,0-0  0  (0)junk_old_2-251110-11-4_2mL-0_15incrmL.dat,2025-11-10,Junk_old_2,11,,,BOBOMETER UNSTABLE,,25.2,171.15,34.0,0.0994127310626206,,,,,,4,1.0,4.2,0.15,635.0923553973917,2311.27856239359,,,,,,,,,,2307.061,1.98
,0-0  0  (0)junk_old_2-251110-12-4_2mL-0_15incrmL.dat,2025-11-10,Junk_old_2,12,,,BOBOMETER UNSTABLE,,25.2,171.2,34.0,0.0994127310626206,,,,,,4,1.0,4.2,0.15,635.0158409334364,2306.647545518684,,,,,,,,,,2307.061,1.98
,0-0  0  (0)junk_old_2-251111-01-4_2mL-0_15incrmL.dat,2025-11-11,Junk_old_2,1,,,,,25.1,170.65,34.0,0.0994127310626206,2261.8766,2209.437444920454,,,,4,,4.2,0.15,635.3614971303502,2317.971380297128,,,,,,,,,,,
,0-0  0  (0)junk_old_2-251111-02-4_2mL-0_15incrmL.dat,2025-11-11,Junk_old_2,2,1,387.0,,,25.2,170.65,34.0,0.0994127310626206,2261.8766,2209.437444920454,1624.483931324325,0.0,619.0,4,1.0,4.2,0.15,635.5389260046644,2318.992282281053,,co2data 11-11 (3).txt,,,1661.0784,,,,,2320.422,1.248
,0-0  0  (0)junk_old_2-251111-03-4_05mL-0_15incrmL.dat,2025-11-11,Junk_old_2,3,1,388.0,,,25.2,170.9,34.0,0.0994127310626206,2261.8766,2209.437444920454,1643.517172784471,0.0,613.0,4,,4.05,0.15,635.6265579473804,2318.937129192094,,co2data 11-11 (4).txt,,,1680.5404,,,,,,
,0-0  0  (0)junk_old_2-251111-04-3_9mL-0_15incrmL.dat,2025-11-11,Junk_old_2,4,1,389.0,,,25.2,170.95,34.0,0.0994127310626206,2261.8766,2209.437444920454,1659.299154803951,0.0,593.0,4,,3.9,0.15,635.6300437143694,2319.295526040354,,co2data 11-11 (5).txt,,,1696.6779,,,,,,
,0-0  0  (0)junk_old_2-251111-05-3_75mL-0_15incrmL.dat,2025-11-11,Junk_old_2,5,1,390.0,,,25.2,170.95,34.0,0.0994127310626206,2261.8766,2209.437444920454,1687.910531272654,0.0,553.0,4,,3.75,0.15,635.6478676220404,2320.067034008844,,co2data 11-11 (6).txt,,,1725.9338,,,,,,
,0-0  0  (0)junk_old_2-251111-06-3_6mL-0_15incrmL.dat,2025-11-11,Junk_old_2,6,1,391.0,,,25.2,170.85,34.0,0.0994127310626206,2261.8766,2209.437444920454,1705.646105067943,0.0,530.0,4,,3.6,0.15,635.6819525467697,2311.889584150802,,co2data 11-11 (7).txt,,,1744.0689,,,,,,
,0-0  0  (0)junk_old_2-251111-07-3_45mL-0_15incrmL.dat,2025-11-11,Junk_old_2,7,1,392.0,,,25.2,170.9,34.0,0.0994127310626206,2261.8766,2209.437444920454,1734.558109345959,0.166666,510.0,4,,3.45,0.15,635.6670645978683,2319.879557046751,,co2data 11-11 (8).txt,,,1773.6322,,,,,,
,0-0  0  (0)junk_old_2-251111-08-3_3mL-0_15incrmL.dat,2025-11-11,Junk_old_2,8,1,393.0,,,25.2,170.95,34.0,0.0994127310626206,2261.8766,2209.437444920454,1790.177285774158,0.0,490.0,4,,3.3,0.15,635.6218247909253,2321.050530741416,,co2data 11-11 (9).txt,,,1830.5043,,,,,,
,0-0  0  (0)junk_old_2-251111-09-3_15mL-0_15incrmL.dat,2025-11-11,Junk_old_2,9,1,394.0,,,25.2,170.85,34.0,0.0994127310626206,2261.8766,2209.437444920454,1774.203132757508,0.0,518.0,4,,3.15,0.15,635.6193165886453,2319.089681221196,,co2data 11-11 (10).txt,,,1814.1703,,,,,,
,0-0  0  (0)junk_old_2-251111-10-3_0mL-0_15incrmL.dat,2025-11-11,Junk_old_2,10,1,,,,25.2,170.9,34.0,0.0994127310626206,2261.8766,2209.437444920454,,,,4,,3.0,0.15,635.746117474834,2322.515842938004,,,,,,,,,,,
,0-0  0  (0)junk_old_2-251111-11-3_0mL-0_15incrmL.dat,2025-11-11,Junk_old_2,11,1,396.0,,,25.2,170.8,34.0,0.0994127310626206,2261.8766,2209.437444920454,1790.277821033746,0.0,483.0,4,,3.0,0.15,635.739063971751,2323.06034891728,,co2data 11-11 (12).txt,,,1830.6071,,,,,,
,0-0  0  (0)junk_old_2-251111-12-2_7mL-0_15incrmL.dat,2025-11-11,Junk_old_2,12,1,397.0,,,25.2,170.85,34.0,0.0994127310626206,2261.8766,2209.437444920454,1846.7213279124,0.0,430.0,4,,2.7,0.15,635.611253878787,2321.638363071247,,co2data 11-11 (13).txt,,,1888.3221,,,,,,
,0-0  0  (0)junk_old_2-251111-13-2_4mL-0_15incrmL.dat,2025-11-11,Junk_old_2,13,1,398.0,,,25.2,170.8,34.0,0.0994127310626206,2261.8766,2209.437444920454,1887.1837381913,0.0,384.0,4,,2.4,0.15,,,,co2data 11-11 (14).txt,,,1929.696,,,,,,
,0-0  0  (0)junk_old_2-251111-14-2_1mL-0_15incrmL.dat,2025-11-11,Junk_old_2,14,1,399.0,,,25.2,170.85,34.0,0.0994127310626206,2261.8766,2209.437444920454,1936.046514868622,0.0,346.0,4,,2.1,0.15,504.8958578575211,1055.747580406687,,co2data 11-11 (15).txt,,,1979.6595,,,,,,
,0-0  0  (0)junk_old_2-251111-15-4_2mL-0_15incrmL.dat,2025-11-11,Junk_old_2,15,1,400.0,,,25.2,170.75,34.0,0.0994127310626206,2261.8766,2209.437444920454,1692.53446863509,0.0,625.0,4,1.0,4.2,0.15,635.5745802804263,2320.980234159277,,co2data 11-11 (16).txt,,,1730.6619,,,,,2320.422,1.248
,0-0  0  (0)junk_old_2-251111-16-1_8mL-0_15incrmL.dat,2025-11-11,Junk_old_2,16,1,402.0,,,25.2,170.7,34.0,0.0994127310626206,2261.8766,2209.437444920454,1976.212795997685,0.0,315.0,4,,1.8,0.15,476.6639202167372,524.7707095610727,,co2data 11-11 (18).txt,,,2020.7306,,,,,,
,0-0  0  (0)junk_old_2-251111-17-1_5mL-0_15incrmL.dat,2025-11-11,Junk_old_2,17,1,403.0,,,25.2,170.7,34.0,0.0994127310626206,2261.8766,2209.437444920454,2028.246540823726,0.0,262.0,4,,1.5,0.15,470.5304236227345,401.0767131252392,,co2data 11-11 (19).txt,,,2073.9365,,,,,,
,0-0  0  (0)junk_old_2-251111-18-1_2mL-0_15incrmL.dat,2025-11-11,Junk_old_2,18,1,404.0,,,25.2,170.7,34.0,0.0994127310626206,2261.8766,2209.437444920454,2069.763691155795,0.0,233.0,4,,1.2,0.15,463.6531826283283,301.8487057833786,,co2data 11-11 (20).txt,,,2116.3889,,,,,,
,0-0  0  (0)junk_old_2-251111-19-0_9mL-0_15incrmL.dat,2025-11-11,Junk_old_2,19,1,405.0,,,25.2,170.6,34.0,0.0994127310626206,2261.8766,2209.437444920454,2101.523053491114,0.08333,,4,,0.9,0.15,456.394920607444,198.0276639954349,,co2data 11-11 (21).txt,,,2148.8637,,,,,,
,0-0  0  (0)junk_old_2-251111-20-0_6mL-0_15incrmL.dat,2025-11-11,Junk_old_2,20,1,406.0,,,25.2,170.6,34.0,0.0994127310626206,2261.8766,2209.437444920454,2140.869307235308,0.0,125.0,4,,0.6,0.15,451.5861044620257,152.9690252681186,,co2data 11-11 (22).txt,,,2189.0963,,,,,,
,0-0  0  (0)junk_old_2-251111-21-0_3mL-0_15incrmL.dat,2025-11-11,Junk_old_2,21,1,407.0,,,25.2,,34.0,0.0994127310626206,2261.8766,2209.437444920454,2167.900676258578,0.0,66.0,4,,0.3,0.15,410.6675895239107,-150.4339525641708,,co2data 11-11 (23).txt,,,2216.7366,,,,,,
,0-0  0  (0)junk_old_2-251111-22-0_0mL-0_15incrmL.dat,2025-11-11,Junk_old_2,22,1,408.0,,,25.2,,34.0,0.0994127310626206,2261.8766,2209.437444920454,2189.637612063639,0.0,0.0,4,,0.0,0.15,,,,co2data 11-11 (24).txt,,,2238.9632,,,,,,
,0-0  0  (0)junk_old_2-251111-23-4_2mL-0_15incrmL.dat,2025-11-11,Junk_old_2,23,1,410.0,,,25.2,170.45,34.0,0.0994127310626206,2261.8766,2209.437444920454,1641.005942827562,0.0,628.0,4,1.0,4.2,0.15,635.3816900654327,2321.293313807535,,co2data 11-11 (26).txt,,,1677.9726,,,,,2320.422,1.248
,0-0  0  (0)junk_old_2-251111-24-0_9mL-0_15incrmL.dat,2025-11-11,Junk_old_2,24,1,411.0,,,25.2,170.65,34.0,0.0994127310626206,2261.8766,2209.437444920454,2103.897172130958,0.0,197.0,4,,0.9,0.15,456.3011102931661,197.1509028694786,,co2data 11-11 (27).txt,,,2151.2913,,,,,,
,0-0  0  (0)junk_old_3-251112-01-4_2mL-0_15incrmL.dat,2025-11-12,Junk_old_3,1,1,,,,25.2,171.7,32.0,0.0994127310626206,2304.52734,2254.448908062236,,,612.0,4,,4.2,0.15,634.8617249386002,2361.958782487583,,,,,,,,,,,
,0-0  0  (0)junk_old_3-251112-02-4_2mL-0_15incrmL.dat,2025-11-12,Junk_old_3,2,1,415.0,,,25.2,171.55,32.0,0.0994127310626206,2304.52734,2254.448908062236,1709.354814822435,0.0,598.0,4,1.0,4.2,0.15,634.800880381188,2356.079189289937,,co2data 12-11 (4).txt,,,1745.2812,,,,,2357.051,0.907
,0-0  0  (0)junk_old_3-251112-03-4_2mL-0_15incrmL.dat,2025-11-12,Junk_old_3,3,1,416.0,,,25.2,171.5,32.0,0.0994127310626206,2304.52734,2254.448908062236,1715.435415720642,0.0,594.0,4,1.0,4.2,0.15,634.7094427187844,2357.198315392142,,co2data 12-11 (5).txt,,,1751.4896,,,,,2357.051,0.907
,0-0  0  (0)junk_old_3-251112-04-4_2mL-0_15incrmL.dat,2025-11-12,Junk_old_3,4,1,417.0,,,25.2,171.5,32.0,0.0994127310626206,2304.52734,2254.448908062236,1716.724815740372,0.0,595.0,4,1.0,4.2,0.15,634.6195402870565,2357.87473073713,,co2data 12-11 (6).txt,,,1752.8061,,,,,2357.051,0.907
,0-0  0  (0)junk_old_3-251112-05-4_2mL-0_15incrmL_mixing-time-8sec.dat,2025-11-12,Junk_old_3,5,1,418.0,,,25.2,171.35,32.0,0.0994127310626206,2304.52734,2254.448908062236,1558.771109639449,0.0,790.0,8,,4.2,0.15,634.5513114887277,2357.164489164579,,co2data 12-11 (7).txt,,,1591.5326,,,,,,
,0-0  0  (0)junk_old_3-251112-06-4_2mL-0_15incrmL_mixing-time-8sec.dat,2025-11-12,Junk_old_3,6,1,419.0,,,25.2,171.2,32.0,0.0994127310626206,2304.52734,2254.448908062236,1600.966272305603,0.0,784.0,8,,4.2,0.15,634.4452275166124,2356.943685026149,,co2data 12-11 (8).txt,,,1634.6146,,,,,,
,0-0  0  (0)junk_old_3-251112-07-4_2mL-0_15incrmL_mixing-time-8sec.dat,2025-11-12,Junk_old_3,7,1,421.0,,,25.2,170.8,32.0,0.0994127310626206,2304.52734,2254.448908062236,1586.628124497907,0.08333,,8,,4.2,0.15,634.0886349887154,2346.587393269021,,co2data 12-11 (10).txt,,,1619.9751,,,,,,
,0-0  0  (0)junk_old_3-251112-08-4_2mL-0_15incrmL_mixing-time-8sec.dat,2025-11-12,Junk_old_3,8,1,422.0,,,25.2,170.8,32.0,0.0994127310626206,2304.52734,2254.448908062236,1563.39943378167,0.08333,794.0,8,,4.2,0.15,634.0556974648456,2357.610473090941,,co2data 12-11 (11).txt,,,1596.2582,,,,,,
,0-0  0  (0)junk_old_3-251112-09-4_2mL-0_15incrmL_mixing-time-8sec.dat,2025-11-12,Junk_old_3,9,1,423.0,,,25.2,170.8,32.0,0.0994127310626206,2304.52734,2254.448908062236,1574.938021379419,0.0,797.0,8,,4.2,0.15,633.9166753537979,2357.552045162908,,co2data 12-11 (12).txt,,,1608.0393,,,,,,
,0-0  0  (0)junk_old_3-251112-10-4_2mL-0_15incrmL_mixing-time-6sec.dat,2025-11-12,Junk_old_3,10,1,424.0,,,25.2,170.7,32.0,0.0994127310626206,2304.52734,2254.448908062236,1639.742100867024,0.0,689.0,6,,4.2,0.15,633.8211501406038,2355.410103543416,,co2data 12-11 (13).txt,,,1674.2054,,,,,,
,0-0  0  (0)junk_old_3-251112-11-4_2mL-0_15incrmL_mixing-time-6sec.dat,2025-11-12,Junk_old_3,11,1,425.0,,,25.2,170.6,32.0,0.0994127310626206,2304.52734,2254.448908062236,1629.485567675524,0.0,715.0,6,,4.2,0.15,633.7641481732683,2344.662446452814,,co2data 12-11 (14).txt,,,1663.7333,,,,,,
,0-0  0  (0)junk_old_3-251112-12-4_2mL-0_15incrmL_mixing-time-6sec.dat,2025-11-12,Junk_old_3,12,1,426.0,,,25.2,170.1,32.0,0.0994127310626206,2304.52734,2254.448908062236,1607.890345514475,0.0,695.0,6,,4.2,0.15,633.6414467397719,2295.727064063944,,co2data 12-11 (15).txt,,,1641.6842,,,,,,
,0-0  0  (0)junk_old_3-251112-13-4_2mL-0_15incrmL_mixing-time-10sec.dat,2025-11-12,Junk_old_3,13,1,,,,25.2,170.35,32.0,0.0994127310626206,2304.52734,2254.448908062236,,0.0,,10,,4.2,0.15,633.6868875920585,2345.494208439046,,,,,,,,,,,
,0-0  0  (0)junk_old_3-251112-14-4_2mL-0_15incrmL_mixing-time-10sec.dat,2025-11-12,Junk_old_3,14,1,429.0,,,25.2,170.4,32.0,0.0994127310626206,2304.52734,2254.448908062236,1546.75750570325,0.0,887.0,10,,4.2,0.15,633.6494960869254,2355.98817894497,,co2data 12-11 (18).txt,,,1579.2665,,,,,,
,0-0  0  (0)junk_old_3-251112-15-4_2mL-0_15incrmL_mixing-time-2sec.dat,2025-11-12,Junk_old_3,15,1,430.0,,,25.2,170.45,32.0,0.0994127310626206,2304.52734,2254.448908062236,1767.926092300503,0.0,492.0,2,,4.2,0.15,633.53859425015,2356.984678639302,,co2data 12-11 (19).txt,,,1805.0835,,,,,,
,0-0  0  (0)junk_old_3-251112-16-4_2mL-0_15incrmL.dat,2025-11-12,Junk_old_3,16,1,431.0,,,25.2,170.4,32.0,0.0994127310626206,2304.52734,2254.448908062236,1704.683298472945,0.0,590.0,4,,4.2,0.15,633.4779994489626,2356.570320903302,,co2data 12-11 (20).txt,,,1740.5115,,,,,,
,0-0  0  (0)junk_old_3-251113-01-4_2mL-0_15incrmL.dat,2025-11-13,Junk_old_3,1,,433.0,,,25.1,170.15,32.0,0.0994127310626206,2314.04885,2263.763511299966,1694.570018247522,0.0,604.0,4,,4.2,0.15,633.4862595841752,2343.998641617346,,co2data 13-11 (2).txt,,,1730.2367,,,,,,
,0-0  0  (0)junk_old_3-251113-02-4_2mL-0_15incrmL.dat,2025-11-13,Junk_old_3,2,1,435.0,,,25.2,170.0,32.0,0.0994127310626206,2314.04885,2263.763511299966,1724.993723865378,0.0,607.0,4,1.0,4.2,0.15,633.6613958644836,2352.539865515873,,co2data 13-11 (4).txt,,,1761.2488,,,,,2355.476,4.153
,0-0  0  (0)junk_old_3-251113-03-0_9mL-0_15incrmL.dat,2025-11-13,Junk_old_3,3,1,436.0,,,25.2,170.0,32.0,0.0994127310626206,2314.04885,2263.763511299966,2165.248856374779,0.0,180.0,4,,0.9,0.15,453.6912820454439,188.1975917813084,,co2data 13-11 (5).txt,,,2210.757,,,,,,
,0-0  0  (0)junk_old_3-251113-04-4_05mL-0_15incrmL.dat,2025-11-13,Junk_old_3,4,1,437.0,,,25.2,169.9,32.0,0.0994127310626206,2314.04885,2263.763511299966,1748.424369981591,0.0,581.0,4,,4.05,0.15,633.6652281174931,2357.315204297504,,co2data 13-11 (6).txt,,,1785.1719,,,,,,
,0-0  0  (0)junk_old_3-251113-05-3_9mL-0_15incrmL.dat,2025-11-13,Junk_old_3,5,1,438.0,,,25.2,170.05,32.0,0.0994127310626206,2314.04885,2263.763511299966,1746.997264194467,0.0,570.0,4,,3.9,0.15,633.7025278842273,2356.462764176991,,co2data 13-11 (7).txt,,,1783.7148,,,,,,
,0-0  0  (0)junk_old_3-251113-06-3_75mL-0_15incrmL.dat,2025-11-13,Junk_old_3,6,1,439.0,,,25.2,170.0,32.0,0.0994127310626206,2314.04885,2263.763511299966,1774.168394636809,0.0,540.0,4,,3.75,0.15,633.7690576309839,2358.352330763358,,co2data 13-11 (8).txt,,,1811.457,,,,,,
,0-0  0  (0)junk_old_3-251113-07-3_75mL-0_15incrmL.dat,2025-11-13,Junk_old_3,7,1,440.0,,,25.2,170.05,32.0,0.0994127310626206,2314.04885,2263.763511299966,1769.958966346042,0.0,547.0,4,,3.75,0.15,633.7546826569419,2356.435460412001,,co2data 13-11 (9).txt,,,1807.1591,,,,,,
,0-0  0  (0)junk_old_3-251113-08-3_75mL-0_15incrmL.dat,2025-11-13,Junk_old_3,8,1,,,,25.2,170.1,32.0,0.0994127310626206,2314.04885,2263.763511299966,,,,4,,3.75,0.15,633.3603087438286,2336.839909581454,,,,,,,,,,,
,0-0  0  (0)junk_old_3-251113-09-3_6mL-0_15incrmL.dat,2025-11-13,Junk_old_3,9,1,442.0,,,25.2,170.0,32.0,0.0994127310626206,2314.04885,2263.763511299966,1790.025909136952,0.0,524.0,4,,3.6,0.15,633.7749220511673,2356.136271872052,,co2data 13-11 (11).txt,,,1827.6478,,,,,,
,0-0  0  (0)junk_old_3-251113-10-3_45mL-0_15incrmL.dat,2025-11-13,Junk_old_3,10,1,443.0,,,25.2,170.0,32.0,0.0994127310626206,2314.04885,2263.763511299966,1809.432530246662,0.0,506.0,4,,3.45,0.15,633.8006227427803,2354.520968241466,,co2data 13-11 (12).txt,,,1847.4623,,,,,,
,0-0  0  (0)junk_old_3-251113-11-3_3mL-0_15incrmL.dat,2025-11-13,Junk_old_3,11,1,444.0,,,25.2,170.05,32.0,0.0994127310626206,2314.04885,2263.763511299966,1826.063880641669,0.0,479.0,4,,3.3,0.15,633.8057059665787,2357.695058346676,,co2data 13-11 (13).txt,,,1864.4432,,,,,,
,0-0  0  (0)junk_old_3-251113-12-3_15mL-0_15incrmL.dat,2025-11-13,Junk_old_3,12,1,445.0,,,25.2,170.1,32.0,0.0994127310626206,2314.04885,2263.763511299966,1849.042918441058,0.0,460.0,4,,3.15,0.15,633.8274533264714,2359.689630139034,,co2data 13-11 (14).txt,,,1887.9052,,,,,,
,0-0  0  (0)junk_old_3-251113-13-3_0mL-0_15incrmL.dat,2025-11-13,Junk_old_3,13,1,446.0,,,25.2,170.05,32.0,0.0994127310626206,2314.04885,2263.763511299966,1877.388171742232,0.0,435.0,4,,3.0,0.15,634.0098022929509,2358.866764058933,,co2data 13-11 (15).txt,,,1916.8462,,,,,,
,0-0  0  (0)junk_old_3-251113-14-2_85mL-0_15incrmL.dat,2025-11-13,Junk_old_3,14,1,447.0,,,25.2,170.0,32.0,0.0994127310626206,2314.04885,2263.763511299966,1894.21050808775,0.0,421.0,4,,2.85,0.15,634.2294946942905,2362.872458563908,,co2data 13-11 (16).txt,,,1934.0221,,,,,,
,0-0  0  (0)junk_old_3-251113-15-2_55mL-0_15incrmL.dat,2025-11-13,Junk_old_3,15,1,,,,25.2,170.05,32.0,0.0994127310626206,2314.04885,2263.763511299966,,,,4,,2.55,0.15,596.0722304555118,2077.671470363294,,,,,,,,,,,
,0-0  0  (0)junk_old_3-251113-16-0_45mL-0_15incrmL.dat,2025-11-13,Junk_old_3,16,1,448.0,,,25.2,170.0,32.0,0.0994127310626206,2314.04885,2263.763511299966,2212.639032777849,0.0,91.0,4,,0.45,0.15,444.080205582761,102.4394432257219,,co2data 13-11 (17).txt,,,2259.1432,,,,,,
,0-0  0  (0)junk_old_3-251113-17-2_55mL-0_15incrmL.dat,2025-11-13,Junk_old_3,17,1,449.0,,,25.2,169.8,32.0,0.0994127310626206,2314.04885,2263.763511299966,1930.012048779885,0.0,385.0,4,,2.55,0.15,595.0956646569814,2072.347564877526,,co2data 13-11 (18).txt,,,1970.5761,,,,,,
,0-0  0  (0)junk_old_3-251113-18-2_25mL-0_15incrmL.dat,2025-11-13,Junk_old_3,18,1,450.0,,,25.2,169.9,32.0,0.0994127310626206,2314.04885,2263.763511299966,1968.297973892869,0.0,340.0,4,,2.25,0.15,,,,co2data 13-11 (19).txt,,,2009.6667,,,,,,
,0-0  0  (0)junk_old_3-251113-19-1_95mL-0_15incrmL.dat,2025-11-13,Junk_old_3,19,1,451.0,,,25.2,169.95,32.0,0.0994127310626206,2314.04885,2263.763511299966,2024.659005245207,0.0,295.0,4,,1.95,0.15,478.5965113828983,592.2215297752763,,co2data 13-11 (20).txt,,,2067.2123,,,,,,
,0-0  0  (0)junk_old_3-251113-20-1_65mL-0_15incrmL.dat,2025-11-13,Junk_old_3,20,1,452.0,,,25.2,169.95,32.0,0.0994127310626206,2314.04885,2263.763511299966,2064.287120853471,0.0,272.0,4,,1.65,0.15,467.5942361072413,391.5997040677979,,co2data 13-11 (21).txt,,,2107.6733,,,,,,
,0-0  0  (0)junk_old_3-251113-21-1_35mL-0_15incrmL.dat,2025-11-13,Junk_old_3,21,1,453.0,,,25.2,169.8,32.0,0.0994127310626206,2314.04885,2263.763511299966,2115.250497478326,0.0,220.0,4,,1.35,0.15,464.2245052158982,340.3428109510682,,co2data 13-11 (22).txt,,,2159.7078,,,,,,
,0-0  0  (0)junk_old_3-251113-22-1_05mL-0_15incrmL.dat,2025-11-13,Junk_old_3,22,1,454.0,,,25.2,169.6,32.0,0.0994127310626206,2314.04885,2263.763511299966,2144.387705854283,0.0,192.0,4,,1.05,0.15,458.2013020104511,255.957230046174,,co2data 13-11 (23).txt,,,2189.4574,,,,,,
,0-0  0  (0)junk_old_3-251113-23-0_0mL-0_15incrmL.dat,2025-11-13,Junk_old_3,23,1,455.0,,,25.2,,32.0,0.0994127310626206,2314.04885,2263.763511299966,2242.48905948602,0.0,0.0,4,,0.0,0.15,,,,co2data 13-11 (24).txt,,,2289.6206,,,,,,
,0-0  0  (0)junk_old_3-251113-24-4_2mL-0_15incrmL.dat,2025-11-13,Junk_old_3,24,1,456.0,,,25.2,169.7,32.0,0.0994127310626206,2314.04885,2263.763511299966,1725.606445971222,0.0,612.0,4,1.0,4.2,0.15,633.8724976896165,2358.412556314373,,co2data 13-11 (25).txt,,,1761.8744,,,,,2355.476,4.153
